id,name,migrated,disk_usage,created_at,fork_count,watchers_count,issues_count,pull_requests_count,starts_count
MDEwOlJlcG9zaXRvcnk3MTkwOTg2,shadowsocks-android,True,52636,2012-12-16T13:40:29Z,8293,1494,1804,265,20458
MDEwOlJlcG9zaXRvcnkzMTkyOTM0Ng==,android-UniversalMusicPlayer,True,8200,2015-03-10T00:04:35Z,3255,628,205,52,10584
MDEwOlJlcG9zaXRvcnk0MTU3NjA2OQ==,android-play-billing,True,3400,2015-08-29T01:19:34Z,773,123,146,26,897
MDEwOlJlcG9zaXRvcnkxNjU5ODI4Nw==,muzei,True,148299,2014-02-06T23:39:33Z,893,187,218,377,3792
MDEwOlJlcG9zaXRvcnkzMTA3NTY4Mg==,habitica-android,True,30781,2015-02-20T17:21:05Z,272,59,854,245,522
MDEwOlJlcG9zaXRvcnk0ODE3OTQwNA==,Rocket.Chat.Android,True,16819,2015-12-17T14:36:45Z,408,77,1107,894,611
MDEwOlJlcG9zaXRvcnk0MTEyMzk2Mg==,android-historian,True,41073,2015-08-20T23:47:22Z,171,48,7,25,968
MDEwOlJlcG9zaXRvcnkyMDMwNDU2NA==,android-target-tooltip,True,11523,2014-05-29T18:50:04Z,189,28,76,42,900
MDEwOlJlcG9zaXRvcnkzNDg0NzYwNA==,open-event-android,True,43404,2015-04-30T09:59:35Z,181,35,463,474,917
MDEwOlJlcG9zaXRvcnk3OTY0NzEx,Lightning-Browser,True,13905,2013-02-01T19:25:59Z,626,161,468,248,1324
MDEwOlJlcG9zaXRvcnkzMzAyNTI5Mw==,show-java,True,33351,2015-03-28T07:43:09Z,159,57,129,7,504
MDEwOlJlcG9zaXRvcnkxNTgwMDgyNQ==,simpletask-android,True,49968,2014-01-10T15:01:02Z,104,32,781,178,320
MDEwOlJlcG9zaXRvcnkzMjc3NTczOQ==,RxBinding,True,1709,2015-03-24T04:17:24Z,854,388,206,290,8379
MDEwOlJlcG9zaXRvcnkyNjE2NDkyOA==,My-Wallet-V3-Android,True,61703,2014-11-04T10:54:57Z,158,38,27,1216,226
MDEwOlJlcG9zaXRvcnkyNjEwMjE4MA==,material-dialogs,True,207207,2014-11-03T03:21:42Z,2605,569,1020,224,15070
MDEwOlJlcG9zaXRvcnk0MzgwNzI1MQ==,tachiyomi,True,8840,2015-10-07T09:51:12Z,417,240,1401,406,2537
MDEwOlJlcG9zaXRvcnkzNjg0NzAzNA==,fuel,True,1876,2015-06-04T04:03:33Z,249,60,303,274,2487
MDEwOlJlcG9zaXRvcnkxMjU2MTUwMA==,yubioath-android,True,3009,2013-09-03T10:51:39Z,39,34,77,15,119
MDEwOlJlcG9zaXRvcnk0MjA0NTE2MQ==,stepik-android,True,59390,2015-09-07T09:53:05Z,38,22,5,296,117
MDEwOlJlcG9zaXRvcnkzNzE4ODAwNg==,android-gradle-aspectj,True,4023,2015-06-10T09:31:54Z,33,16,69,22,176
MDEwOlJlcG9zaXRvcnk0NTI2MTk2OQ==,plaid,True,33016,2015-10-30T16:10:56Z,2542,603,260,340,12491
MDEwOlJlcG9zaXRvcnkxMjg1MzYwMA==,android-template,True,1955,2013-09-15T22:19:07Z,23,4,1,6,55
MDEwOlJlcG9zaXRvcnk1NzU3MTE5,Put.io,True,11464,2012-09-10T22:59:18Z,33,15,41,31,129
MDEwOlJlcG9zaXRvcnkyNTk3Njc5OQ==,badge-magic-android,True,18591,2014-10-30T15:21:39Z,11,6,13,15,813
MDEwOlJlcG9zaXRvcnkxOTcyMzc0OQ==,ViewPagerTransforms,True,1388,2014-05-13T02:52:53Z,454,95,55,23,2090
MDEwOlJlcG9zaXRvcnk0NzcwODY0Mw==,twilio-chat-demo-android,True,1420,2015-12-09T17:50:39Z,34,20,80,5,39
MDEwOlJlcG9zaXRvcnk1MDQ1OTAxMg==,Simple-Calendar,True,14793,2016-01-26T21:02:54Z,618,85,465,296,1494
MDEwOlJlcG9zaXRvcnkxNTU5MTUw,bo-android,True,2071,2011-04-02T10:47:59Z,19,11,125,55,48
MDEwOlJlcG9zaXRvcnkyMjczNDc5NQ==,clappr-android,True,1754,2014-08-07T20:01:54Z,16,38,13,157,52
MDEwOlJlcG9zaXRvcnk5NjE5NTEw,Flym,True,11268,2013-04-23T09:22:14Z,326,64,272,128,573
MDEwOlJlcG9zaXRvcnkzNDUyNTEyNA==,HTTP-Shortcuts,True,7918,2015-04-24T15:03:58Z,30,19,69,48,162
MDEwOlJlcG9zaXRvcnk0OTM2NTY1Mg==,Simple-Music-Player,True,5723,2016-01-10T12:21:23Z,151,25,88,108,262
MDEwOlJlcG9zaXRvcnk0NDQ1Mjk0NQ==,photo-affix,True,50443,2015-10-17T20:17:30Z,305,43,18,1,822
MDEwOlJlcG9zaXRvcnk0Mzk4NDI4NA==,ProxerAndroid,True,78859,2015-10-09T23:07:17Z,11,16,19,3,54
MDEwOlJlcG9zaXRvcnk4OTkzMzg3,SimpleBitcoinWidget,True,2425,2013-03-24T21:17:09Z,41,4,31,10,51
MDEwOlJlcG9zaXRvcnk0ODUzOTMyOA==,Simple-Calculator,True,7577,2015-12-24T11:03:10Z,132,15,35,89,150
MDEwOlJlcG9zaXRvcnkyODM2MjM3NQ==,StockTicker,True,3487,2014-12-22T22:19:41Z,46,14,60,15,150
MDEwOlJlcG9zaXRvcnkxMTU3NjY5Ng==,android_Skeleton,True,11388,2013-07-22T08:39:16Z,13,4,0,0,22
MDEwOlJlcG9zaXRvcnk0NjA1MDcwNQ==,android-helpers,True,174,2015-11-12T12:13:44Z,12,2,1,1,22
MDEwOlJlcG9zaXRvcnkzOTc4NzcyNA==,LabCoat,True,5640,2015-07-27T17:20:59Z,24,15,18,2,223
MDEwOlJlcG9zaXRvcnk0NjgxNTI3MQ==,QuickActionView,True,8355,2015-11-24T19:59:18Z,23,12,8,2,174
MDEwOlJlcG9zaXRvcnk1MTY2MzI3Nw==,Simple-Notes,True,4275,2016-02-13T20:00:54Z,102,20,122,140,178
MDEwOlJlcG9zaXRvcnkyMjU1ODM4Nw==,Voice,True,107326,2014-08-02T22:01:39Z,251,55,749,85,1069
MDEwOlJlcG9zaXRvcnk0OTEzNDAwOQ==,Simple-Flashlight,True,7027,2016-01-06T12:32:04Z,80,7,31,50,103
MDEwOlJlcG9zaXRvcnkzMTA4OTIy,andFHEM,True,28187,2012-01-05T09:00:35Z,19,13,1296,15,49
MDEwOlJlcG9zaXRvcnk0NTIxMjg2Ng==,android-lectures,True,18075,2015-10-29T21:53:26Z,5,14,0,0,18
MDEwOlJlcG9zaXRvcnkxNDI1MjI0Ng==,LocalStorage,True,17797,2013-11-09T05:55:10Z,35,11,4,0,190
MDEwOlJlcG9zaXRvcnk1MTcxMzAwMQ==,Simple-Draw,True,3109,2016-02-14T20:55:43Z,62,6,60,70,119
MDEwOlJlcG9zaXRvcnkzMDgwNDQ0OA==,Pr0,True,60996,2015-02-14T18:16:21Z,33,27,154,32,181
MDEwOlJlcG9zaXRvcnk1MTI3MDUyMw==,CalendarNotification,True,5490,2016-02-07T22:56:17Z,28,12,279,19,57
MDEwOlJlcG9zaXRvcnk5ODkzNjU3,android_packages_apps_Calendar,True,34357,2013-05-06T18:35:41Z,9,2,1,1,2
MDEwOlJlcG9zaXRvcnk0ODI3NDkyMA==,Kotlin-Espresso-sample,True,462,2015-12-19T08:42:53Z,18,3,3,10,62
MDEwOlJlcG9zaXRvcnk0NjU4ODEzMQ==,RocketBeansTV.Android,True,18129,2015-11-20T21:36:22Z,4,6,9,6,9
MDEwOlJlcG9zaXRvcnkzNjQ2ODMzMg==,PaperLaunch,True,9547,2015-05-28T21:55:21Z,6,4,10,2,14
MDEwOlJlcG9zaXRvcnkzNDM4Mjc2Ng==,AppCrossPromoter,True,39974,2015-04-22T09:57:09Z,18,4,10,6,45
MDEwOlJlcG9zaXRvcnk4ODc2MjQ1,Stanley,True,8540,2013-03-19T10:43:28Z,9,5,26,4,30
MDEwOlJlcG9zaXRvcnkzOTIwNjQwNA==,myonnaise,True,1328,2015-07-16T15:52:17Z,10,5,0,5,16
MDEwOlJlcG9zaXRvcnk0MjA5MTUzNA==,glom-android,True,122144,2015-09-08T05:19:43Z,2,3,0,0,6
MDEwOlJlcG9zaXRvcnkxMjcyMTU2OQ==,android_packages_apps_Gallery2,True,104267,2013-09-10T06:02:39Z,3,2,0,0,3
MDEwOlJlcG9zaXRvcnkyNjQ5OTczOA==,CalWatch,True,90666,2014-11-11T19:07:15Z,6,6,1,0,12
MDEwOlJlcG9zaXRvcnk0NTk4NzI4Nw==,MyMartlet,True,28667,2015-11-11T14:40:41Z,3,4,74,32,10
MDEwOlJlcG9zaXRvcnkyODk5MjE5OQ==,bowling-companion,True,12378,2015-01-08T23:55:43Z,4,1,248,9,5
MDEwOlJlcG9zaXRvcnkyODY3MjM2Mg==,T-Tasks,True,9783,2014-12-31T18:30:02Z,3,3,2,0,3
MDEwOlJlcG9zaXRvcnk0MDcwNzEwNg==,v2ex-simple,True,5008,2015-08-14T09:30:01Z,1,3,2,0,12
MDEwOlJlcG9zaXRvcnk0OTYzNjk5OQ==,AndroidShapes,True,117,2016-01-14T09:26:40Z,0,2,0,0,2
MDEwOlJlcG9zaXRvcnk0NTUwMjc2Mw==,RadioControl,True,11460,2015-11-03T23:32:42Z,3,2,65,2,9
MDEwOlJlcG9zaXRvcnk1MTYzMDczMw==,PlurkConnection,True,570,2016-02-13T03:41:32Z,0,1,0,1,2
MDEwOlJlcG9zaXRvcnkyOTM3MTIxNw==,voice-message-board,True,1949,2015-01-16T22:41:55Z,0,1,1,8,1
MDEwOlJlcG9zaXRvcnkyMDc2ODkyMA==,aggregator-android,True,5655,2014-06-12T13:46:43Z,0,1,2,0,0
MDEwOlJlcG9zaXRvcnk1MTUxODYxOQ==,Signals-android,True,11541,2016-02-11T14:06:33Z,0,2,76,17,1
MDEwOlJlcG9zaXRvcnk0MDE1NDAwMg==,Winnipeg-Transit-Plus,True,22234,2015-08-04T00:07:19Z,0,1,13,25,2
MDEwOlJlcG9zaXRvcnk0NjI0NjI0OQ==,Concrete,True,314,2015-11-16T02:08:34Z,1,2,13,45,4
MDEwOlJlcG9zaXRvcnkzNzAyNTkwNw==,my-app-portfolio,True,82,2015-06-07T17:43:38Z,0,1,0,0,0
MDEwOlJlcG9zaXRvcnk0MTk3MjQ5Nw==,Mensa-UPB,True,1596,2015-09-05T19:11:07Z,0,2,3,0,2
MDEwOlJlcG9zaXRvcnk0MjEyMDMwNQ==,CountDownTimer_K,True,20616,2015-09-08T15:11:14Z,0,1,0,0,0
MDEwOlJlcG9zaXRvcnk0NjEwMzExNQ==,FireflyFlasher,True,90,2015-11-13T06:00:10Z,1,1,0,2,0
MDEwOlJlcG9zaXRvcnkyODUzNTQ0Mw==,LanbahnPanel,True,33434,2014-12-27T11:42:11Z,0,2,0,0,0
MDEwOlJlcG9zaXRvcnkyOTQzMDUyMA==,stardict-dictionary-updater,True,166734,2015-01-18T15:36:06Z,1,6,17,0,1
MDEwOlJlcG9zaXRvcnk1NTUwNTY3,android,False,209724,2012-08-25T10:35:56Z,2730,379,1517,901,2703
MDEwOlJlcG9zaXRvcnkxNjQ3OTQyNQ==,android,False,6274,2014-02-03T12:56:26Z,338,93,545,119,655
MDEwOlJlcG9zaXRvcnk1NTM3MTIx,AndroidAsync,False,3551,2012-08-24T07:27:04Z,1351,405,503,137,5885
MDEwOlJlcG9zaXRvcnkxOTAyNjIzMQ==,android,False,2441,2014-04-22T10:49:59Z,146,14,189,213,77
MDEwOlJlcG9zaXRvcnk1MTk2NjM1,android,False,15010,2012-07-26T19:58:15Z,75,18,159,10,214
MDEwOlJlcG9zaXRvcnkyOTkwMTky,Signal-Android,False,163756,2011-12-15T20:01:12Z,2848,722,6485,2022,10927
MDEwOlJlcG9zaXRvcnkyNTA2MjMwMw==,android-testing,False,11288,2014-10-11T03:51:27Z,2273,445,134,105,6046
MDEwOlJlcG9zaXRvcnkxMzg2MjM4MQ==,Telegram,False,154130,2013-10-25T14:08:10Z,4393,998,1148,339,11104
MDEwOlJlcG9zaXRvcnk2MDcyNDQz,android-gpuimage,False,1258,2012-10-04T08:11:58Z,1665,361,333,111,5729
MDEwOlJlcG9zaXRvcnkyODU1MDg3Mg==,Android-PickerView,False,6331,2014-12-28T01:46:38Z,2352,286,660,52,9143
MDEwOlJlcG9zaXRvcnk2NTkzNDE=,facebook-android-sdk,False,26192,2010-05-10T17:17:33Z,2863,599,281,261,4716
MDEwOlJlcG9zaXRvcnkxNDQyMTI0MA==,AndroidCharts,False,860,2013-11-15T10:15:22Z,320,73,22,11,1120
MDEwOlJlcG9zaXRvcnk2ODk4Mzgx,cordova-android,False,35642,2012-11-28T08:00:22Z,1299,287,114,520,2534
MDEwOlJlcG9zaXRvcnk0MTEwNTQ1MA==,Android-ZBLibrary,False,32625,2015-08-20T16:03:53Z,1003,202,25,6,3403
MDEwOlJlcG9zaXRvcnk0NTgwODc1Ng==,FlycoTabLayout,False,2603,2015-11-09T01:53:19Z,1755,216,386,14,8002
MDEwOlJlcG9zaXRvcnkyNTE4NTc5Nw==,android-play-location,False,716,2014-10-14T01:50:09Z,2123,172,145,42,1612
MDEwOlJlcG9zaXRvcnkxNjAwNTQxMA==,CircleImageView,False,984,2014-01-17T16:44:46Z,2610,408,263,48,11231
MDEwOlJlcG9zaXRvcnkzODgzNTIxMw==,FirebaseUI-Android,False,21218,2015-07-09T17:31:09Z,1359,267,909,657,3205
MDEwOlJlcG9zaXRvcnkxNDY0MDE5Mw==,Android-IMSI-Catcher-Detector,False,10800,2013-11-23T10:04:14Z,715,484,610,344,3399
MDEwOlJlcG9zaXRvcnkxMzY0MTM5,android-autofittextview,False,1190,2011-02-14T06:00:52Z,648,109,80,22,3733
MDEwOlJlcG9zaXRvcnkxMDExMzAzMA==,android-maps-utils,False,2162,2013-05-17T00:08:48Z,1265,230,332,167,2689
MDEwOlJlcG9zaXRvcnk0MTExNTI2Mg==,android-job,False,1680,2015-08-20T19:36:54Z,493,172,506,57,5011
MDEwOlJlcG9zaXRvcnk3ODkxNTY0,xabber-android,False,36054,2013-01-29T12:16:51Z,817,204,767,91,1610
MDEwOlJlcG9zaXRvcnkyNjA2MTIzMQ==,Android-Iconics,False,9037,2014-11-01T19:43:56Z,530,162,358,66,4111
MDEwOlJlcG9zaXRvcnkxMDY0MTY5Nw==,android-iconify,False,3689,2013-06-12T11:42:01Z,516,128,177,38,3695
MDEwOlJlcG9zaXRvcnkyOTE4NjI5MQ==,Context-Menu.Android,False,3421,2015-01-13T11:09:41Z,1005,188,65,18,3479
MDEwOlJlcG9zaXRvcnkyNjA4NDE=,android-demos,False,90494,2009-07-26T09:42:10Z,678,242,8,44,1899
MDEwOlJlcG9zaXRvcnk3NzE2ODgz,Anki-Android,False,108873,2013-01-20T13:55:53Z,705,116,3657,1540,1633
MDEwOlJlcG9zaXRvcnkzMTQ0MTg2Mg==,shimmer-android,False,4720,2015-02-27T22:25:22Z,515,175,55,22,3238
MDEwOlJlcG9zaXRvcnk4Njc1NjQ=,robolectric,False,42919,2010-08-28T00:28:25Z,1155,232,1919,2608,4351
MDEwOlJlcG9zaXRvcnkyMTI0NjI3OQ==,android-Camera2Basic,False,1458,2014-06-26T15:53:00Z,1074,150,110,27,2022
MDEwOlJlcG9zaXRvcnk5MzA2NTY4,WordPress-Android,False,208587,2013-04-08T20:52:40Z,981,210,4542,4478,1956
MDEwOlJlcG9zaXRvcnk0OTA2ODI0Mw==,uCrop,False,63755,2016-01-05T13:41:06Z,1457,255,396,89,8124
MDEwOlJlcG9zaXRvcnk1NzEzNzAy,phimpme-android,False,204070,2012-09-07T07:14:54Z,549,46,1285,1149,1369
MDEwOlJlcG9zaXRvcnkyMDgxODEyNg==,ExoPlayer,False,81769,2014-06-13T21:19:18Z,3703,813,4679,711,12159
MDEwOlJlcG9zaXRvcnkxNzc0NzQ2Mg==,2048-android,False,8146,2014-03-14T13:45:21Z,659,84,42,35,771
MDEwOlJlcG9zaXRvcnkyMjM0Mjg3Nw==,android-beacon-library,False,7399,2014-07-28T13:11:19Z,694,173,579,233,2120
MDEwOlJlcG9zaXRvcnk0ODM2NDQ=,quran_android,False,9125,2010-01-22T10:34:05Z,571,114,715,313,831
MDEwOlJlcG9zaXRvcnk0ODQ0NjY4MA==,easypermissions,False,567,2015-12-22T18:05:53Z,1121,245,165,101,6934
MDEwOlJlcG9zaXRvcnkzNjc0NjcxMA==,MasteringAndroidDataBinding,False,5487,2015-06-02T16:36:09Z,519,133,38,13,2615
MDEwOlJlcG9zaXRvcnk4NjU1MDU3,ormlite-android,False,466,2013-03-08T16:37:44Z,366,85,83,24,1417
MDEwOlJlcG9zaXRvcnkyMTI0NjY4Nw==,androidtv-Leanback,False,8112,2014-06-26T16:07:01Z,402,123,89,51,974
MDEwOlJlcG9zaXRvcnk1ODkwODM1,acra,False,3667,2012-09-20T18:13:49Z,1029,318,460,260,4755
MDEwOlJlcG9zaXRvcnkxMTk4MDQzMQ==,aws-sdk-android-samples,False,6577,2013-08-08T16:02:14Z,829,116,243,47,704
MDEwOlJlcG9zaXRvcnkxMzA2NzExMQ==,android-upload-service,False,15653,2013-09-24T14:41:51Z,521,97,376,46,1913
MDEwOlJlcG9zaXRvcnkxOTE0ODk0OQ==,MPAndroidChart,False,21185,2014-04-25T14:29:47Z,6793,1078,4002,392,25673
MDEwOlJlcG9zaXRvcnkyNTYyNzUx,zxing,False,239654,2011-10-12T14:07:27Z,7905,1649,865,247,21321
MDEwOlJlcG9zaXRvcnkyMTAxOTc5Nw==,android-priority-jobqueue,False,14657,2014-06-20T00:12:45Z,386,146,379,85,3310
MDEwOlJlcG9zaXRvcnk5MjM0NDgx,FinestWebView-Android,False,63989,2013-04-05T05:29:08Z,468,87,145,18,2003
MDEwOlJlcG9zaXRvcnkxOTgzNjc0Ng==,arcgis-runtime-samples-android,False,141710,2014-05-15T22:02:10Z,956,75,130,441,375
MDEwOlJlcG9zaXRvcnk1MTUyMjg1,okhttp,False,18572,2012-07-23T13:42:55Z,6863,1657,2455,2042,30596
MDEwOlJlcG9zaXRvcnkxNzQ4ODk4Ng==,osmdroid,False,102316,2014-03-06T19:03:48Z,703,148,989,269,1549
MDEwOlJlcG9zaXRvcnkzMjYxMDMzNg==,logger,False,1875,2015-03-20T22:30:12Z,1727,370,169,55,10581
MDEwOlJlcG9zaXRvcnk0MzMyMzMyNg==,AndroidDeviceNames,False,15323,2015-09-28T19:50:36Z,104,45,17,8,778
MDEwOlJlcG9zaXRvcnkxOTI1NDU3,gpslogger,False,21217,2011-06-20T19:49:42Z,437,118,606,104,979
MDEwOlJlcG9zaXRvcnkyNDc3ODU5Ng==,android-BluetoothChat,False,569,2014-10-04T01:13:56Z,575,96,28,12,808
MDEwOlJlcG9zaXRvcnkxNTg0NTQzMQ==,AndroidDrawableFactory,False,62,2014-01-12T16:06:29Z,112,42,8,3,512
MDEwOlJlcG9zaXRvcnk1MTA3ODQwOA==,RxAndroidBle,False,2120,2016-02-04T13:42:02Z,368,105,392,143,2064
MDEwOlJlcG9zaXRvcnkzNTAxODkxNA==,Android-Plugin-Framework,False,228643,2015-05-04T06:48:47Z,422,135,68,10,1355
MDEwOlJlcG9zaXRvcnkxMzI2Njcx,k-9,False,61146,2011-02-04T02:40:00Z,1968,338,2283,1601,4202
MDEwOlJlcG9zaXRvcnkyODk0MjkzOQ==,Android-AdvancedWebView,False,433,2015-01-08T01:33:59Z,388,69,210,13,1554
MDEwOlJlcG9zaXRvcnk0ODE4MTcyOA==,riot-android,False,872678,2015-12-17T15:18:05Z,296,79,2144,734,770
MDEwOlJlcG9zaXRvcnk1MzczNTUx,libgdx,False,1015022,2012-08-10T19:34:38Z,5802,1321,2879,2641,14910
MDEwOlJlcG9zaXRvcnkzOTkzODYwNw==,android,False,233,2015-07-30T08:00:35Z,12,9,36,2,71
MDEwOlJlcG9zaXRvcnk4NTc1MTM3,butterknife,False,3807,2013-03-05T08:18:59Z,4411,1141,994,435,23007
MDEwOlJlcG9zaXRvcnkxNDE0NTYzNA==,android-samples,False,3873,2013-11-05T15:42:03Z,333,56,98,8,493
MDEwOlJlcG9zaXRvcnkzNDgyNDQ5OQ==,leakcanary,False,35702,2015-04-29T23:54:16Z,3297,1054,838,330,21638
MDEwOlJlcG9zaXRvcnk0MTMxNTY4OA==,OpenCV-AndroidSamples,False,99455,2015-08-24T16:53:54Z,125,23,14,3,225
MDEwOlJlcG9zaXRvcnkxNzEzMjgzOA==,androidclient,False,57113,2014-02-24T10:40:31Z,167,47,1195,53,467
MDEwOlJlcG9zaXRvcnk1OTYxNzUx,simplenote-android,False,4991,2012-09-26T06:34:04Z,204,195,405,216,1164
MDEwOlJlcG9zaXRvcnkyMjQ1MjQ1OQ==,android-fit,False,518,2014-07-31T02:02:17Z,348,61,38,8,338
MDEwOlJlcG9zaXRvcnk2OTI2MDQ5,stripe-android,False,10523,2012-11-29T18:11:30Z,300,45,252,439,470
MDEwOlJlcG9zaXRvcnk0MjAzMjg4NA==,apps-android-commons,False,258161,2015-09-07T05:23:27Z,554,63,1154,1170,377
MDEwOlJlcG9zaXRvcnkxMDA1NzkzNg==,picasso,False,4215,2013-05-14T15:07:47Z,3914,958,1419,628,16370
MDEwOlJlcG9zaXRvcnk1MjQ0NDQ1,AntennaPod,False,31903,2012-07-31T10:25:08Z,687,157,1890,1107,2177
MDEwOlJlcG9zaXRvcnkxMDY2MzM2MA==,wallet-android,False,24204,2013-06-13T09:52:41Z,285,86,427,63,464
MDEwOlJlcG9zaXRvcnkyMzk1MDQ1Ng==,android_demo,False,25336,2014-09-12T07:06:03Z,274,18,6,0,474
MDEwOlJlcG9zaXRvcnk1NzY1MzY5,android-gesture-detectors,False,1550,2012-09-11T13:27:55Z,352,50,23,10,961
MDEwOlJlcG9zaXRvcnk0MzM3MDYxMA==,RxPermissions,False,571,2015-09-29T13:55:09Z,982,203,222,61,7884
MDEwOlJlcG9zaXRvcnk0MzE2MDg0OQ==,zulip-android,False,8983,2015-09-25T16:39:37Z,255,46,241,278,407
MDEwOlJlcG9zaXRvcnkxNzA4OTcyOA==,syncthing-android,False,10601,2014-02-22T17:15:19Z,170,103,967,300,1012
MDEwOlJlcG9zaXRvcnk0MjA4NDM4OQ==,alicloud-android-demo,False,40058,2015-09-08T02:07:20Z,358,48,36,166,586
MDEwOlJlcG9zaXRvcnkxMzg2Mjk5OQ==,apps-android-wikipedia,False,188612,2013-10-25T14:31:39Z,299,97,0,15,884
MDEwOlJlcG9zaXRvcnkxMjk4OTc5MA==,moonlight-android,False,80773,2013-09-21T05:00:00Z,186,77,616,44,787
MDEwOlJlcG9zaXRvcnkxMzQ4NjY4NQ==,android-auto-update,False,3782,2013-10-11T00:56:27Z,279,61,20,1,885
MDEwOlJlcG9zaXRvcnk1MjIzMzQ5,traccar-client-android,False,1176,2012-07-29T15:43:50Z,422,78,339,50,342
MDEwOlJlcG9zaXRvcnkyMTk4Nzk4OA==,processing-android,False,83099,2014-07-18T17:07:47Z,202,87,429,83,524
MDEwOlJlcG9zaXRvcnkxNTc0NTIxOQ==,joda-time-android,False,2688,2014-01-08T19:11:09Z,181,68,119,98,2317
MDEwOlJlcG9zaXRvcnkzNzUwMzQyMg==,breadwallet-android,False,62542,2015-06-16T02:32:46Z,298,38,65,16,212
MDEwOlJlcG9zaXRvcnk1MzA4NjU0,android-sdk,False,3241,2012-08-06T01:34:03Z,197,52,107,211,521
MDEwOlJlcG9zaXRvcnk0MTg4OTAzMQ==,NewPipe,False,24811,2015-09-03T23:39:26Z,814,272,1581,450,4975
MDEwOlJlcG9zaXRvcnkyMTYzNDEwMA==,aws-sdk-android,False,152550,2014-07-09T00:44:24Z,325,87,558,109,547
MDEwOlJlcG9zaXRvcnkxMDE1Mjc=,keepassdroid,False,12650,2009-01-05T22:01:52Z,334,109,246,96,1088
MDEwOlJlcG9zaXRvcnkyNDA2Nzgz,bugsnag-android,False,2795,2011-09-17T21:18:06Z,149,55,98,320,868
MDEwOlJlcG9zaXRvcnkzNTE3NDk5MQ==,openfoodfacts-androidapp,False,261060,2015-05-06T18:09:55Z,224,30,1145,979,296
MDEwOlJlcG9zaXRvcnkyODA1MzIzMA==,android-ScreenCapture,False,336,2014-12-15T19:50:42Z,245,89,16,1,842
MDEwOlJlcG9zaXRvcnkxMDI5NjE0OQ==,news-android,False,197338,2013-05-26T09:54:08Z,199,127,608,112,387
MDEwOlJlcG9zaXRvcnk4ODU5NDc0,jadx,False,12040,2013-03-18T17:08:21Z,1799,630,345,83,17163
MDEwOlJlcG9zaXRvcnk0MjA0MDIxOQ==,powerup-android,False,105829,2015-09-07T08:15:51Z,366,31,504,816,84
MDEwOlJlcG9zaXRvcnkxODcwMzI0MA==,openhab-android,False,27019,2014-04-12T12:09:03Z,224,47,482,696,269
MDEwOlJlcG9zaXRvcnk5OTkyMzMw,couchbase-lite-android,False,74310,2013-05-10T23:36:45Z,205,105,1169,655,1100
MDEwOlJlcG9zaXRvcnkzMDE5OTg4MQ==,android,False,13726,2015-02-02T17:51:33Z,17,23,445,181,13
MDEwOlJlcG9zaXRvcnk1MTMxOTE3Ng==,blockly-android,False,7538,2016-02-08T18:58:47Z,162,57,368,401,538
MDEwOlJlcG9zaXRvcnkyNDYyNzkzOQ==,pingpp-android,False,32710,2014-09-30T07:04:04Z,188,45,66,4,370
MDEwOlJlcG9zaXRvcnkxODczODQx,onebusaway-android,False,14682,2011-06-10T01:07:10Z,201,35,603,357,310
MDEwOlJlcG9zaXRvcnkyMzQ3OTY4,osmtracker-android,False,4622,2011-09-08T11:36:33Z,192,53,102,78,349
MDEwOlJlcG9zaXRvcnk0MDUyODM4MQ==,Applozic-Android-SDK,False,9568,2015-08-11T07:38:41Z,257,58,328,29,515
MDEwOlJlcG9zaXRvcnkxODg2NDEzNA==,android-client,False,101364,2014-04-17T02:35:44Z,308,24,479,548,102
MDEwOlJlcG9zaXRvcnk0MzAxMTU0NA==,Mobile-SDK-Android,False,202093,2015-09-23T16:00:32Z,287,101,380,5,371
MDEwOlJlcG9zaXRvcnkyMTgzMzE4Mw==,AmazeFileManager,False,45334,2014-07-14T19:47:53Z,824,145,844,729,2326
MDEwOlJlcG9zaXRvcnk0MDA4NjgxOA==,nice-spinner,False,362,2015-08-02T17:16:45Z,342,47,86,20,1896
MDEwOlJlcG9zaXRvcnk0MTY5MzM4OA==,screenshot-tests-for-android,False,2339,2015-08-31T18:36:02Z,164,71,118,88,1222
MDEwOlJlcG9zaXRvcnkyNzgyNjkx,SalesforceMobileSDK-Android,False,67739,2011-11-15T19:35:05Z,330,59,264,1573,245
MDEwOlJlcG9zaXRvcnkxNjcwOTIyOQ==,mapbox-android-demo,False,117078,2014-02-10T21:01:59Z,268,121,410,543,395
MDEwOlJlcG9zaXRvcnk1MTE5OTMyMg==,JiaoZiVideoPlayer,False,143599,2016-02-06T11:04:24Z,2028,296,2205,68,8412
MDEwOlJlcG9zaXRvcnk1MTE3MzUxMQ==,greedo-layout-for-android,False,1661,2016-02-05T20:57:07Z,151,75,30,20,1387
MDEwOlJlcG9zaXRvcnkzNzY2NzA2,Apktool,False,120450,2012-03-19T17:46:53Z,1981,556,1802,183,7441
MDEwOlJlcG9zaXRvcnkxMTI2NzUwOQ==,glide,False,56905,2013-07-08T22:52:33Z,4659,1054,3186,301,24673
MDEwOlJlcG9zaXRvcnkzNzMzMzIxNA==,Timber,False,17394,2015-06-12T16:43:55Z,1788,281,277,145,5450
MDEwOlJlcG9zaXRvcnkyNjMyMjg5Mw==,android-transcoder,False,222,2014-11-07T14:26:14Z,137,40,52,20,465
MDEwOlJlcG9zaXRvcnkxNTEyMDE0NA==,Omni-Notes,False,40937,2013-12-11T21:59:18Z,747,137,553,77,1721
MDEwOlJlcG9zaXRvcnkzNDM3MjY1NQ==,EsptouchForAndroid,False,5823,2015-04-22T06:18:45Z,219,81,20,7,387
MDEwOlJlcG9zaXRvcnk2MzUxMDcx,android_sdk,False,26008,2012-10-23T11:19:15Z,168,78,169,198,235
MDEwOlJlcG9zaXRvcnkyMjgwODc4NQ==,Android-Password-Store,False,108465,2014-08-10T12:51:47Z,134,63,351,128,1101
MDEwOlJlcG9zaXRvcnk0MDc4Njc1MQ==,PermissionsDispatcher,False,2739,2015-08-15T21:41:05Z,1200,270,346,237,8498
MDEwOlJlcG9zaXRvcnkzNjgxNDcyNA==,AppIntro,False,22549,2015-06-03T16:02:10Z,1511,273,448,186,8318
MDEwOlJlcG9zaXRvcnkyMTYzMTUyOA==,braintree_android,False,117939,2014-07-08T22:33:02Z,143,117,220,19,262
MDEwOlJlcG9zaXRvcnkzMTcyMDY3Mw==,Phonograph,False,17533,2015-03-05T15:28:53Z,540,84,496,146,1996
MDEwOlJlcG9zaXRvcnk0MTkwMzQ0MQ==,Etar-Calendar,False,33362,2015-09-04T07:33:25Z,211,48,276,151,592
MDEwOlJlcG9zaXRvcnk0NDgwNDIxNg==,termux-app,False,1523,2015-10-23T09:42:46Z,429,245,882,81,3215
MDEwOlJlcG9zaXRvcnkxODU3NTYw,prey-android-client,False,33619,2011-06-07T00:33:05Z,184,46,94,46,378
MDEwOlJlcG9zaXRvcnk5MzQ5MjQ0,Android-RateThisApp,False,1468,2013-04-10T15:26:49Z,163,22,37,68,483
MDEwOlJlcG9zaXRvcnkzMzUxNTY3OQ==,OneSignal-Android-SDK,False,9564,2015-04-07T01:42:24Z,186,43,528,160,330
MDEwOlJlcG9zaXRvcnkzMjAyNTUyNQ==,unity-android-notifications,False,5099,2015-03-11T15:33:09Z,155,61,100,20,394
MDEwOlJlcG9zaXRvcnkzNjY5MDY1,open-keychain,False,78003,2012-03-09T09:10:42Z,371,91,1754,677,1128
MDEwOlJlcG9zaXRvcnkxNzkzOTk2Mg==,UsbSerial,False,1973,2014-03-20T11:23:57Z,282,70,144,55,712
MDEwOlJlcG9zaXRvcnkzNjMwMTg4MQ==,ftc_app,False,1003402,2015-05-26T14:36:54Z,2944,260,283,401,677
MDEwOlJlcG9zaXRvcnkyOTI1MTc0Mg==,edx-app-android,False,28465,2015-01-14T15:49:47Z,212,56,75,1080,180
MDEwOlJlcG9zaXRvcnk0MTE1MjQ3OA==,sdkdemoapp3.0_android,False,101630,2015-08-21T11:32:03Z,172,50,20,330,273
MDEwOlJlcG9zaXRvcnkxODI0MDEyNg==,android-chess,False,5529,2014-03-29T11:39:18Z,136,20,41,82,151
MDEwOlJlcG9zaXRvcnkxOTc3NzgxMg==,EhViewer,False,110095,2014-05-14T12:03:52Z,360,295,441,66,2862
MDEwOlJlcG9zaXRvcnkyMzU4OTUyMg==,android-MediaRecorder,False,992,2014-09-02T18:01:14Z,170,45,19,7,254
MDEwOlJlcG9zaXRvcnk2OTAwNTQx,seadroid,False,8974,2012-11-28T10:54:37Z,211,71,364,416,323
MDEwOlJlcG9zaXRvcnkxNjYxNTY5OQ==,android-app,False,3206,2014-02-07T13:44:17Z,102,32,415,344,258
MDEwOlJlcG9zaXRvcnk0Nzk5Nzc1Mw==,react-native-push-notification,False,710,2015-12-14T19:53:36Z,952,96,784,205,3642
MDEwOlJlcG9zaXRvcnkyODc1Mjg1MA==,MaterialDateTimePicker,False,1845,2015-01-03T19:41:03Z,844,107,472,86,3851
MDEwOlJlcG9zaXRvcnk4OTIyNzU=,retrofit,False,4872,2010-09-06T21:39:43Z,5816,1623,2092,910,31031
MDEwOlJlcG9zaXRvcnkyMDI4NzI0,cgeo,False,301412,2011-07-11T06:02:47Z,493,100,5218,2021,876
MDEwOlJlcG9zaXRvcnkzNTI2OTYwNw==,open-event-droidgen,False,76660,2015-05-08T09:04:11Z,852,47,1247,1238,1330
MDEwOlJlcG9zaXRvcnkxNjAyNjQwMg==,android-library,False,13071,2014-01-18T13:54:09Z,152,100,36,192,86
MDEwOlJlcG9zaXRvcnk4OTIyNzU=,retrofit,False,4872,2010-09-06T21:39:43Z,5816,1623,2092,910,31031
MDEwOlJlcG9zaXRvcnk1MDQ5Mjk0Ng==,pesdk-android-demo,False,25825,2016-01-27T08:25:44Z,126,41,58,6,329
MDEwOlJlcG9zaXRvcnkyMjY0Nzc3Mg==,android-beacon-library-reference,False,751,2014-08-05T15:01:56Z,153,34,39,12,205
MDEwOlJlcG9zaXRvcnk1OTE0OTk2,vanilla,False,26326,2012-09-22T17:04:41Z,214,61,777,125,597
MDEwOlJlcG9zaXRvcnk2MDQ3NDY4,KISS,False,101606,2012-10-02T16:03:43Z,386,110,703,436,1109
MDEwOlJlcG9zaXRvcnk1NDk1ODcw,HockeySDK-Android,False,4121,2012-08-21T14:05:08Z,135,38,190,222,266
MDEwOlJlcG9zaXRvcnk0MTE0ODQ5NA==,android-test,False,49217,2015-08-21T09:47:39Z,66,48,48,138,438
MDEwOlJlcG9zaXRvcnk2NTY0MTI0,android,False,27930,2012-11-06T15:16:39Z,7,21,3,38,27
MDEwOlJlcG9zaXRvcnkxODU1OTg3Nw==,Clover,False,45102,2014-04-08T13:49:24Z,209,79,512,102,541
MDEwOlJlcG9zaXRvcnkyNzExNDc2MA==,Android-Lock9View,False,2986,2014-11-25T07:47:47Z,103,19,11,4,389
MDEwOlJlcG9zaXRvcnkyOTU5NTQwNw==,Java-Helps-Android,False,2224,2015-01-21T15:13:27Z,224,9,1,0,63
MDEwOlJlcG9zaXRvcnkyMjI2OTEwOA==,openmrs-contrib-android-client,False,100454,2014-07-25T19:59:04Z,195,74,0,452,83
MDEwOlJlcG9zaXRvcnkxNjgxMTUwMg==,sync-android,False,22649,2014-02-13T17:52:09Z,78,137,174,421,227
MDEwOlJlcG9zaXRvcnkxOTk2MTUxNA==,android-money-manager-ex,False,30365,2014-05-19T23:49:58Z,134,41,1109,170,191
MDEwOlJlcG9zaXRvcnkxMDU1MDIyMQ==,opentasks,False,35761,2013-06-07T13:18:53Z,179,53,560,182,598
MDEwOlJlcG9zaXRvcnkxMzUzNTg2MQ==,android_frameworks_base,False,2748434,2013-10-13T07:56:56Z,185,33,4,22,87
MDEwOlJlcG9zaXRvcnkyMzk4MjE4MA==,jjwt,False,917,2014-09-13T01:06:24Z,672,244,306,122,4202
MDEwOlJlcG9zaXRvcnkxNjE0ODE4MQ==,PdfBox-Android,False,66132,2014-01-22T18:29:09Z,100,39,158,18,333
MDEwOlJlcG9zaXRvcnkyNjUzOTA4Mw==,nethunter-app,False,5714,2014-11-12T14:14:08Z,155,62,64,125,230
MDEwOlJlcG9zaXRvcnkxNDAyODY2MQ==,android_frameworks_base,False,2617683,2013-10-31T21:21:49Z,185,35,5,12,78
MDEwOlJlcG9zaXRvcnkyNDYxMDMxOQ==,sdl_android,False,9479,2014-09-29T19:49:09Z,91,46,476,491,122
MDEwOlJlcG9zaXRvcnk0NTY2MjMzMA==,sa-sdk-android,False,5434,2015-11-06T05:55:26Z,93,28,29,0,270
MDEwOlJlcG9zaXRvcnkyMzM0MzA3Mg==,matomo-sdk-android,False,5454,2014-08-26T07:37:33Z,98,48,109,129,228
MDEwOlJlcG9zaXRvcnkzMTUzMzk5Nw==,fresco,False,66079,2015-03-02T09:58:04Z,3635,948,1920,324,15300
MDEwOlJlcG9zaXRvcnkyMTk3MjAy,sugar,False,9679,2011-08-12T13:44:41Z,616,124,638,174,2572
MDEwOlJlcG9zaXRvcnk0NzcyNjA0Mg==,WiFiAnalyzer,False,19098,2015-12-09T23:37:23Z,272,65,145,57,730
MDEwOlJlcG9zaXRvcnkyMDExNjQ3,Rajawali,False,83515,2011-07-07T10:29:45Z,632,196,1681,427,1814
MDEwOlJlcG9zaXRvcnkzNDYyOTEzNQ==,react-native-mapbox-gl,False,16146,2015-04-26T20:08:07Z,552,135,1120,359,1761
MDEwOlJlcG9zaXRvcnk0NDMzNjg3OQ==,ReLinker,False,247,2015-10-15T18:23:00Z,185,87,37,18,1512
MDEwOlJlcG9zaXRvcnk0OTY5NDA0NA==,BasePopup,False,19461,2016-01-15T03:31:07Z,445,58,131,7,2530
MDEwOlJlcG9zaXRvcnkyODA1MzE5Mg==,android-AppUsageStatistics,False,807,2014-12-15T19:49:51Z,80,50,10,4,233
MDEwOlJlcG9zaXRvcnkyNzc0MTE4MA==,libsignal-protocol-java,False,2944,2014-12-08T23:57:36Z,211,102,27,17,866
MDEwOlJlcG9zaXRvcnk1MDQxNzAyMg==,SendBird-Android,False,17415,2016-01-26T09:08:03Z,104,38,42,7,121
MDEwOlJlcG9zaXRvcnk5NDQ2MzMz,ShareSDK-for-Android,False,98883,2013-04-15T10:34:56Z,83,28,16,3,202
MDEwOlJlcG9zaXRvcnk0NDc0NzAwNA==,RxBluetooth,False,424,2015-10-22T13:30:43Z,87,18,28,27,353
MDEwOlJlcG9zaXRvcnkyMDQ5MjcwNQ==,gonative-android,False,2636,2014-06-04T17:20:32Z,66,15,13,2,127
MDEwOlJlcG9zaXRvcnkzNTc3OTIwMQ==,android-gradle-java-app-template,False,479,2015-05-17T19:17:36Z,72,32,19,4,569
MDEwOlJlcG9zaXRvcnkxODkzMTQ0Mg==,TinyDB--Android-Shared-Preferences-Turbo,False,34,2014-04-19T02:23:55Z,143,29,27,16,435
MDEwOlJlcG9zaXRvcnk5OTkyMDUw,Campus-Android,False,131476,2013-05-10T23:10:12Z,61,24,680,568,124
MDEwOlJlcG9zaXRvcnkyNDYzNTE5,and-bible,False,105147,2011-09-26T21:24:29Z,109,27,161,61,172
MDEwOlJlcG9zaXRvcnkzNDkxMzUxOA==,cwac-cam2,False,968,2015-05-01T17:05:59Z,204,38,319,21,703
MDEwOlJlcG9zaXRvcnk0ODU0NDI1Ng==,forecastie,False,2048,2015-12-24T13:44:16Z,191,43,169,137,390
MDEwOlJlcG9zaXRvcnkzMjM3MDk2MQ==,KeyboardVisibilityEvent,False,247,2015-03-17T04:10:02Z,125,35,19,16,1017
MDEwOlJlcG9zaXRvcnkyNTY1MTQxNA==,blinkid-android,False,836820,2014-10-23T18:23:07Z,62,33,101,39,116
MDEwOlJlcG9zaXRvcnkxNjE5MTIwMQ==,Conversations,False,30360,2014-01-24T01:07:34Z,1042,284,2541,795,3125
MDEwOlJlcG9zaXRvcnkyNTY0NjM2MQ==,android-SpeedTracker,False,228,2014-10-23T16:20:48Z,90,42,5,5,128
MDEwOlJlcG9zaXRvcnk0NDMzNjExNw==,AndroidMaterialDialog,False,39633,2015-10-15T18:08:15Z,23,9,29,1,131
MDEwOlJlcG9zaXRvcnk0MjcyODQwMQ==,kdeconnect-android,False,15962,2015-09-18T14:50:17Z,50,19,0,12,169
MDEwOlJlcG9zaXRvcnkyNzQ1NjIyNg==,Lock.Android,False,6124,2014-12-02T22:13:43Z,60,49,151,362,109
MDEwOlJlcG9zaXRvcnk0MjM1ODEyNg==,Android-Five-Stars-Library,False,229,2015-09-12T13:33:37Z,72,11,12,5,183
MDEwOlJlcG9zaXRvcnkxMjI3NDE0Nw==,wire,False,5993,2013-08-21T15:45:47Z,357,176,221,570,2637
MDEwOlJlcG9zaXRvcnk1NzAyNDI1,Amplitude-Android,False,45570,2012-09-06T13:18:59Z,60,43,78,109,94
MDEwOlJlcG9zaXRvcnkyNDYzNTA1Mg==,matrix-android-sdk,False,54181,2014-09-30T11:09:12Z,79,26,54,363,131
MDEwOlJlcG9zaXRvcnk3MTM5NDcx,serenity-android,False,22628,2012-12-12T23:17:18Z,51,23,392,26,136
MDEwOlJlcG9zaXRvcnkxMjMyMzU=,connectbot,False,7184,2009-02-06T17:52:35Z,457,121,359,329,1181
MDEwOlJlcG9zaXRvcnk3MzUzODY=,dmix,False,35703,2010-06-23T08:35:14Z,190,50,667,196,531
MDEwOlJlcG9zaXRvcnk0MTI5NDg0Ng==,Android-Scanner-Compat-Library,False,215,2015-08-24T09:36:45Z,57,29,31,9,233
MDEwOlJlcG9zaXRvcnk0MDQ1MzMwNw==,BottomSheetMenu,False,1788,2015-08-09T22:53:45Z,81,21,45,9,631
MDEwOlJlcG9zaXRvcnk0MDA5MTM4Mw==,CNode-Material-Design,False,18576,2015-08-02T20:09:20Z,358,74,80,0,1277
MDEwOlJlcG9zaXRvcnk0NDc0NjI1MQ==,SoLoader,False,158,2015-10-22T13:18:43Z,83,38,19,7,517
MDEwOlJlcG9zaXRvcnkzNTI4Mjk1Mg==,android-card-form,False,1240,2015-05-08T14:11:59Z,59,89,39,24,198
MDEwOlJlcG9zaXRvcnk0NDE5MTI2NA==,pjsip-android,False,150016,2015-10-13T16:55:40Z,54,14,47,9,96
MDEwOlJlcG9zaXRvcnkzMDI3NzY0MA==,webview,False,88,2015-02-04T02:42:51Z,221,53,6,3,283
MDEwOlJlcG9zaXRvcnkxOTA5NzYyNw==,proteus,False,3462,2014-04-24T06:04:31Z,130,169,64,72,894
MDEwOlJlcG9zaXRvcnkxNTkxNTE0Ng==,fosdem-companion-android,False,2507,2014-01-14T20:52:08Z,81,14,34,7,88
MDEwOlJlcG9zaXRvcnk3Mzk4MTUx,HoloColorPicker,False,660,2013-01-01T19:15:04Z,391,90,47,45,1227
MDEwOlJlcG9zaXRvcnkxNDcwMzIzOA==,azure-activedirectory-library-for-android,False,13408,2013-11-26T00:59:05Z,95,84,658,718,125
MDEwOlJlcG9zaXRvcnk0MDI0OTA3MA==,ScrollGalleryView,False,3662,2015-08-05T14:14:35Z,125,14,53,22,400
MDEwOlJlcG9zaXRvcnkzNTk3ODE1Ng==,google-services,False,8508,2015-05-20T22:45:11Z,2326,252,305,90,2354
MDEwOlJlcG9zaXRvcnkxNzI4NTY0Nw==,crazyflie-android-client,False,3172,2014-02-28T12:34:57Z,79,26,72,14,75
MDEwOlJlcG9zaXRvcnkzMTAzNjU0,HtmlSpanner,False,286,2012-01-04T17:08:19Z,146,25,52,8,566
MDEwOlJlcG9zaXRvcnkyNzYyNTY=,congress-android,False,32491,2009-08-12T17:48:29Z,40,11,710,49,144
MDEwOlJlcG9zaXRvcnkyNzYyODg2NQ==,android_frameworks_base,False,2426502,2014-12-06T09:09:22Z,121,19,0,9,27
MDEwOlJlcG9zaXRvcnk0ODkyNTY4Mg==,domoticz-android,False,10828,2016-01-02T22:17:11Z,55,21,369,142,66
MDEwOlJlcG9zaXRvcnkxMTM2NDgxMg==,oandbackup,False,1830,2013-07-12T09:01:04Z,53,34,212,22,321
MDEwOlJlcG9zaXRvcnkzODEwNDIyMQ==,secure-preferences,False,140,2015-06-26T10:01:42Z,42,14,15,12,328
MDEwOlJlcG9zaXRvcnkzNTk3Mzk5OA==,expandable-recycler-view,False,30548,2015-05-20T21:01:26Z,283,88,265,123,1215
MDEwOlJlcG9zaXRvcnk1NDAxMTc5,alfresco-android-app,False,22835,2012-08-13T15:57:25Z,87,28,45,482,54
MDEwOlJlcG9zaXRvcnkxMjM1MzY3OA==,SwipeBackLayout,False,2934,2013-08-25T03:36:12Z,1450,227,150,28,5558
MDEwOlJlcG9zaXRvcnkzNjg4Njc4,StickyListHeaders,False,3866,2012-03-11T18:29:18Z,1566,313,367,127,5405
MDEwOlJlcG9zaXRvcnk1MDcwMzg5,EventBus,False,1553,2012-07-16T16:55:40Z,4211,1106,460,96,20166
MDEwOlJlcG9zaXRvcnkxNTI3NjIzNQ==,androidsvgdrawable-plugin,False,503,2013-12-18T07:06:29Z,26,9,55,8,250
MDEwOlJlcG9zaXRvcnkzMTYwMTk1Nw==,android-anuto,False,22994,2015-03-03T14:18:41Z,36,15,99,54,117
MDEwOlJlcG9zaXRvcnkyMDM3MTYzNw==,dash-wallet,False,78807,2014-06-01T05:43:00Z,91,19,67,98,61
MDEwOlJlcG9zaXRvcnk0MDg0OTA4,realm-java,False,57489,2012-04-20T09:18:42Z,1604,411,3708,2657,10191
MDEwOlJlcG9zaXRvcnk0ODg0ODYzNA==,prayer-times-android,False,154356,2015-12-31T12:21:08Z,60,14,104,28,82
MDEwOlJlcG9zaXRvcnkyNjYwMTEx,USB-Device-Info---Android,False,833,2011-10-27T18:06:16Z,51,23,13,10,115
MDEwOlJlcG9zaXRvcnk0MTEyMjc5NQ==,googleads-mobile-android-mediation,False,2491,2015-08-20T23:05:45Z,59,33,31,80,76
MDEwOlJlcG9zaXRvcnkzNjM3MzcxMw==,Aviasales-Android-SDK,False,24605,2015-05-27T14:47:34Z,69,46,49,24,54
MDEwOlJlcG9zaXRvcnkyNjM1Nzk5MQ==,uhabits,False,24815,2014-11-08T11:07:12Z,496,139,392,70,2258
MDEwOlJlcG9zaXRvcnkyNjkwNTU3OQ==,Umbrella_android,False,80952,2014-11-20T09:39:45Z,36,17,51,139,98
MDEwOlJlcG9zaXRvcnk4MzQ2OTcw,appboy-android-sdk,False,65189,2013-02-22T00:08:48Z,61,60,89,29,67
MDEwOlJlcG9zaXRvcnkyNjI2MjM0OQ==,mapsforge,False,53806,2014-11-06T09:13:20Z,279,88,966,130,671
MDEwOlJlcG9zaXRvcnkzNjY5ODY2,DroidPersianCalendar,False,32067,2012-03-09T11:01:34Z,127,29,196,185,292
MDEwOlJlcG9zaXRvcnk2OTczODE5,avare,False,11945,2012-12-02T23:34:31Z,103,38,194,133,90
MDEwOlJlcG9zaXRvcnkzMTczODEz,sqlcipher-android-tests,False,158178,2012-01-13T19:47:32Z,54,13,12,16,72
MDEwOlJlcG9zaXRvcnkzMjYyMzg0NA==,osmeditor4android,False,84957,2015-03-21T07:25:43Z,41,15,754,92,130
MDEwOlJlcG9zaXRvcnk1ODMyMDM2,wigle-wifi-wardriving,False,145240,2012-09-16T18:50:59Z,119,36,65,245,258
MDEwOlJlcG9zaXRvcnkyODg5Njk3NQ==,Android-HttpDownloadManager,False,415,2015-01-07T03:42:33Z,40,10,21,52,117
MDEwOlJlcG9zaXRvcnkxMzUzNTk1Mw==,android_packages_apps_Settings,False,884913,2013-10-13T08:01:51Z,88,13,1,12,18
MDEwOlJlcG9zaXRvcnkzNTk1NzA1Nw==,react-native-keychain,False,613,2015-05-20T15:33:48Z,156,20,126,56,1102
MDEwOlJlcG9zaXRvcnk0MTA2MTcxNQ==,streaming-android,False,77356,2015-08-19T21:58:04Z,33,21,34,111,63
MDEwOlJlcG9zaXRvcnk0NTY3Mjc2NQ==,FishBun,False,50531,2015-11-06T09:34:25Z,83,22,90,41,374
MDEwOlJlcG9zaXRvcnkzODQ2NDI0NQ==,termux-api,False,638,2015-07-03T00:57:59Z,76,52,177,72,240
MDEwOlJlcG9zaXRvcnkxMDMzMTIxNw==,dailymotion-player-sdk-android,False,849,2013-05-28T08:35:48Z,48,54,27,41,63
MDEwOlJlcG9zaXRvcnkzNTgyNzYz,MyExpenses,False,133043,2012-02-29T15:13:40Z,107,20,519,33,209
MDEwOlJlcG9zaXRvcnkxNDAyOTEwMA==,android_packages_apps_Settings,False,1017126,2013-10-31T21:43:06Z,109,8,0,9,9
MDEwOlJlcG9zaXRvcnk0NDk1NDIxOA==,android-sdk-examples,False,1346,2015-10-26T08:05:08Z,50,22,26,38,54
MDEwOlJlcG9zaXRvcnk0OTY0OTM1NQ==,APlayer,False,217460,2016-01-14T13:38:47Z,42,14,14,1,142
MDEwOlJlcG9zaXRvcnk0NDkxNTgyMg==,TSnackBar,False,826,2015-10-25T15:27:24Z,173,23,49,11,866
MDEwOlJlcG9zaXRvcnk0MzQ5Mzc0MQ==,transistor,False,22849,2015-10-01T11:55:36Z,63,21,158,48,138
MDEwOlJlcG9zaXRvcnk5NTA0MjE0,buck,False,992722,2013-04-17T18:12:18Z,951,315,1217,919,6385
MDEwOlJlcG9zaXRvcnk0NDc1OTk5,Catroid,False,154236,2012-05-29T00:18:04Z,316,139,430,2634,185
MDEwOlJlcG9zaXRvcnkxODk5MzA0Mg==,javacpp-presets,False,200816,2014-04-21T13:19:55Z,387,96,508,165,1088
MDEwOlJlcG9zaXRvcnk5NDMyMzcz,cloudinary_android,False,928,2013-04-14T17:24:34Z,36,23,52,30,42
MDEwOlJlcG9zaXRvcnkyODA1MzIwMw==,android-DirectorySelection,False,535,2014-12-15T19:50:12Z,41,27,7,1,73
MDEwOlJlcG9zaXRvcnkxNTgyNzMwMA==,Android-SDK,False,80563,2014-01-11T17:47:15Z,35,13,19,337,42
MDEwOlJlcG9zaXRvcnkzNDE4OTYzNQ==,androminion,False,125243,2015-04-19T01:45:01Z,56,34,511,80,125
MDEwOlJlcG9zaXRvcnkyNTAyODg4OA==,ncsms-android,False,89293,2014-10-10T09:24:15Z,27,16,123,79,67
MDEwOlJlcG9zaXRvcnk0ODEwNDY0Nw==,CountAnimationTextView,False,281,2015-12-16T10:49:18Z,52,11,4,0,341
MDEwOlJlcG9zaXRvcnkyMDY2MDkxMA==,MetaWear-SDK-Android,False,2206,2014-06-09T20:20:13Z,43,16,15,0,50
MDEwOlJlcG9zaXRvcnkyNjMyNjgwNg==,android_frameworks_base,False,2705540,2014-11-07T16:04:42Z,54,15,19,165,28
MDEwOlJlcG9zaXRvcnk1MTQzNjUxNw==,OpenNoteScanner,False,3088,2016-02-10T11:14:38Z,159,35,104,47,529
MDEwOlJlcG9zaXRvcnkzNjEyNDM4Ng==,AndrOBD,False,5299,2015-05-23T13:27:35Z,74,39,67,3,237
MDEwOlJlcG9zaXRvcnk1MDc2NDgzNg==,app-pay-demo-android,False,1837,2016-01-31T08:10:23Z,36,5,2,0,62
MDEwOlJlcG9zaXRvcnkzNjQyMjcyMA==,trime,False,30449,2015-05-28T07:43:37Z,89,56,231,32,500
MDEwOlJlcG9zaXRvcnk5MDQwMTA0,LicensesDialog,False,1143,2013-03-26T20:50:31Z,115,36,48,42,707
MDEwOlJlcG9zaXRvcnk1NTc4MzE2,jdroid-android,False,22327,2012-08-27T23:16:25Z,25,14,334,106,61
MDEwOlJlcG9zaXRvcnkxMDY3MzU2Mw==,scope,False,559,2013-06-13T19:03:29Z,26,17,21,2,68
MDEwOlJlcG9zaXRvcnk0OTUyOTQ4Ng==,px-android,False,47783,2016-01-12T21:18:39Z,32,21,244,1280,41
MDEwOlJlcG9zaXRvcnkyNzAwNDc0,fastjson,False,12332,2011-11-03T06:58:52Z,4649,1289,1947,298,16325
MDEwOlJlcG9zaXRvcnkxODgwMjE2Mw==,trezor-android,False,8014,2014-04-15T14:02:38Z,25,15,26,21,54
MDEwOlJlcG9zaXRvcnkzMjM5NjExNA==,probe-android,False,22612,2015-03-17T13:49:21Z,25,26,93,78,60
MDEwOlJlcG9zaXRvcnkyNDM2NjE3Mg==,AndroidLibrary,False,52407,2014-09-23T10:02:58Z,11,6,1,0,41
MDEwOlJlcG9zaXRvcnk1MDc5NzM1MQ==,rxandroidexamples,False,118,2016-01-31T21:52:44Z,144,19,2,6,401
MDEwOlJlcG9zaXRvcnkxMTU5NDk5Ng==,paypal-here-sdk-android-distribution,False,201609,2013-07-22T23:39:04Z,51,43,76,59,40
MDEwOlJlcG9zaXRvcnkxNDgwNjcwOQ==,ics-openconnect,False,69938,2013-11-29T17:10:54Z,67,30,43,3,209
MDEwOlJlcG9zaXRvcnk0NTYyMjc1MA==,jwplayer-sdk-android-demo,False,196,2015-11-05T16:08:31Z,38,28,56,18,39
MDEwOlJlcG9zaXRvcnkzOTQzNjk2NA==,RichText,False,2472,2015-07-21T09:36:01Z,426,88,300,8,2669
MDEwOlJlcG9zaXRvcnk5ODk2Nzk3,android_frameworks_base,False,2661236,2013-05-06T20:59:57Z,46,11,5,18,24
MDEwOlJlcG9zaXRvcnk0MzUyNjMyNg==,Slide,False,126092,2015-10-01T23:21:26Z,222,58,2316,643,1006
MDEwOlJlcG9zaXRvcnk1NTEwNDIx,gpstest,False,18918,2012-08-22T14:17:11Z,156,54,195,57,286
MDEwOlJlcG9zaXRvcnk0NDIxMDExNA==,android-midisuite,False,424,2015-10-13T22:51:38Z,23,8,15,37,52
MDEwOlJlcG9zaXRvcnk4MTE1MjE0,tuner,False,831,2013-02-09T21:13:09Z,33,17,19,14,82
MDEwOlJlcG9zaXRvcnkxNTc4NDkzMQ==,dart,False,3866,2014-01-10T01:19:49Z,82,40,123,112,1178
MDEwOlJlcG9zaXRvcnkxMDcxMTIyMA==,algoliasearch-client-android,False,6597,2013-06-15T19:51:54Z,28,54,77,489,68
MDEwOlJlcG9zaXRvcnk0NTM4NjQ1,prim-ftpd,False,16157,2012-06-03T16:24:33Z,36,21,136,34,156
MDEwOlJlcG9zaXRvcnkxNjQ3NzcwMg==,Smack,False,28128,2014-02-03T11:36:51Z,738,216,0,291,1866
MDEwOlJlcG9zaXRvcnk1MDc4MTY2NA==,toro,False,151204,2016-01-31T15:45:41Z,195,39,258,154,1123
MDEwOlJlcG9zaXRvcnkxMDczNDAzNA==,mobile-sdk-android,False,49307,2013-06-17T09:24:13Z,32,32,32,6,43
MDEwOlJlcG9zaXRvcnkxNjQ3NzcwMg==,Smack,False,28128,2014-02-03T11:36:51Z,738,216,0,291,1866
MDEwOlJlcG9zaXRvcnk0NDQ1OTk3OA==,AndroidMaterialPreferences,False,14520,2015-10-18T00:34:56Z,11,6,18,1,46
MDEwOlJlcG9zaXRvcnkzNTY5MDgy,iNaturalistAndroid,False,60052,2012-02-28T07:42:07Z,32,11,602,23,46
MDEwOlJlcG9zaXRvcnkzMTA0MjM4Mw==,android-sample-apps,False,150668,2015-02-19T23:26:06Z,44,68,13,412,22
MDEwOlJlcG9zaXRvcnk0NTkzNDg=,sms-backup-plus,False,16207,2010-01-05T13:49:00Z,440,165,737,117,1299
MDEwOlJlcG9zaXRvcnkyOTIyNzczNw==,android-push-demo,False,65,2015-01-14T04:50:40Z,31,34,6,1,47
MDEwOlJlcG9zaXRvcnkyODEwNTQyNg==,android_packages_apps_DU-Tweaks,False,8544,2014-12-16T20:34:24Z,77,15,2,6,11
MDEwOlJlcG9zaXRvcnk0OTE2ODA5NQ==,abcore,False,11209,2016-01-06T23:28:10Z,31,13,28,27,79
MDEwOlJlcG9zaXRvcnk0NDA1Nzc4NA==,android-host-monitor,False,304,2015-10-11T15:34:04Z,26,5,8,1,68
MDEwOlJlcG9zaXRvcnkyMTc4NjIy,zandy,False,1660,2011-08-09T10:18:49Z,27,14,132,23,101
MDEwOlJlcG9zaXRvcnkzMTk5NDEw,AirCastingAndroidClient,False,13084,2012-01-17T13:17:09Z,35,19,4,20,32
MDEwOlJlcG9zaXRvcnkxNDkzMDM2MQ==,symja_android_library,False,121089,2013-12-04T17:11:24Z,24,9,98,13,70
MDEwOlJlcG9zaXRvcnkzNzAyMzM1OA==,android-file-chooser,False,1822,2015-06-07T16:25:13Z,22,13,28,11,86
MDEwOlJlcG9zaXRvcnk4MTYxNDYx,MifareClassicTool,False,4314,2013-02-12T15:39:03Z,418,139,180,46,1188
MDEwOlJlcG9zaXRvcnkzMzA2MzUz,counter,False,3990,2012-01-30T16:08:50Z,32,6,45,23,57
MDEwOlJlcG9zaXRvcnkxOTkwNjgy,SeriesGuide,False,109099,2011-07-03T10:26:37Z,372,137,498,116,1352
MDEwOlJlcG9zaXRvcnkzOTQzMDAz,WALA,False,51180,2012-04-05T18:57:03Z,120,24,186,206,220
MDEwOlJlcG9zaXRvcnk0MzU5ODU1NA==,okbuck,False,17352,2015-10-03T12:36:22Z,141,1995,325,475,1319
MDEwOlJlcG9zaXRvcnkyMDU3NzEzNA==,UnitConverterUltimate,False,16613,2014-06-06T20:27:50Z,65,13,65,74,100
MDEwOlJlcG9zaXRvcnk0MzE1MzYy,calendar-widget,False,30158,2012-05-13T15:37:45Z,109,39,264,34,320
MDEwOlJlcG9zaXRvcnk0ODI5ODk4OA==,termux-styling,False,25491,2015-12-19T22:15:28Z,46,28,35,10,118
MDEwOlJlcG9zaXRvcnk0OTcxNzY3Mg==,xDrip-plus,False,27743,2016-01-15T12:31:22Z,143,79,0,79,146
MDEwOlJlcG9zaXRvcnk0MDYzNTE2,AnySoftKeyboard,False,125520,2012-04-18T12:38:01Z,422,84,1093,499,851
MDEwOlJlcG9zaXRvcnkzNTU0MTQ4,remote-desktop-clients,False,32991,2012-02-26T19:22:07Z,339,135,141,13,1168
MDEwOlJlcG9zaXRvcnk0MzUwNTc1Nw==,nextcloud-notes,False,8151,2015-10-01T15:53:21Z,41,26,330,187,231
MDEwOlJlcG9zaXRvcnk0NDQ0MjM5NA==,supla-android,False,26993,2015-10-17T15:21:03Z,26,12,49,7,21
MDEwOlJlcG9zaXRvcnkzMTAxMTkxNQ==,dhis2-android-sdk,False,33168,2015-02-19T11:12:30Z,38,39,55,504,18
MDEwOlJlcG9zaXRvcnk0NTIzOTA1OQ==,react-native-sqlite-storage,False,7960,2015-10-30T08:42:28Z,294,46,248,68,1591
MDEwOlJlcG9zaXRvcnk0MjgxNjA2OQ==,Falcon,False,303,2015-09-20T14:31:21Z,37,13,29,15,278
MDEwOlJlcG9zaXRvcnk0MTUwMjc0,ANE-Push-Notification,False,24772,2012-04-26T17:37:36Z,110,65,90,21,211
MDEwOlJlcG9zaXRvcnkxNjYyNDUwNg==,opensudoku,False,664,2014-02-07T19:10:28Z,65,11,14,16,81
MDEwOlJlcG9zaXRvcnk0MjkwNTc4Nw==,surveymonkey-android-sdk,False,779,2015-09-22T02:17:22Z,30,21,60,2,26
MDEwOlJlcG9zaXRvcnkzMjM2ODAyOA==,boardgamegeek4android,False,30775,2015-03-17T03:00:35Z,21,12,93,13,63
MDEwOlJlcG9zaXRvcnkxMTQ5NTc4Nw==,timber,False,1169,2013-07-18T06:23:33Z,662,245,175,171,6535
MDEwOlJlcG9zaXRvcnkxMDQ0MjMxNg==,ShaderEditor,False,6085,2013-06-02T21:12:59Z,80,30,81,8,316
MDEwOlJlcG9zaXRvcnk0ODQ2NDA2Mg==,KProgressHUD,False,3442,2015-12-23T02:16:15Z,263,44,35,18,1225
MDEwOlJlcG9zaXRvcnk1MDY0MzgxMw==,android-sdk,False,1411,2016-01-29T06:44:54Z,17,6,15,28,42
MDEwOlJlcG9zaXRvcnk1ODA1MTMz,YWeatherGetter4a,False,1021,2012-09-14T05:39:46Z,50,12,26,5,102
MDEwOlJlcG9zaXRvcnkyOTkwNTkzMQ==,New-Unity-For-ShareSDK,False,4073727,2015-01-27T09:04:59Z,112,63,10,26,141
MDEwOlJlcG9zaXRvcnkyNzY2NzM1Mg==,android_packages_apps_Settings,False,1026222,2014-12-07T11:02:50Z,64,12,6,4,4
MDEwOlJlcG9zaXRvcnkxMzUzNTg3Mg==,android_frameworks_opt_telephony,False,24158,2013-10-13T07:57:24Z,49,9,0,4,7
MDEwOlJlcG9zaXRvcnk0ODA3ODI5Ng==,platform_frameworks_base,False,2615725,2015-12-16T01:02:11Z,24,6,0,6,21
MDEwOlJlcG9zaXRvcnk0MDQ5MjExOA==,ReactiveNetwork,False,1292,2015-08-10T16:06:58Z,207,68,210,108,2025
MDEwOlJlcG9zaXRvcnk5NjM4NTY4,Arad,False,8207,2013-04-24T03:17:58Z,18,6,1,1,30
MDEwOlJlcG9zaXRvcnk0NjEwMzcwMw==,openwebnet-android,False,3473,2015-11-13T06:14:44Z,20,7,73,26,22
MDEwOlJlcG9zaXRvcnkzNzc3NTcwOA==,Hentoid,False,10401,2015-06-20T16:02:14Z,17,32,125,110,104
MDEwOlJlcG9zaXRvcnk0MzgyODk0Nw==,sdk,False,374,2015-10-07T16:22:24Z,48,37,15,3,569
MDEwOlJlcG9zaXRvcnk0NjcwOTQ2Ng==,MobFox-Android-SDK,False,102542,2015-11-23T09:19:28Z,26,18,80,5,23
MDEwOlJlcG9zaXRvcnk0MzUwNDE2Ng==,BlueSTSDK_Android,False,1147,2015-10-01T15:22:58Z,20,23,16,0,37
MDEwOlJlcG9zaXRvcnkyNjk1NjQ4MA==,photobook-client,False,2470,2014-11-21T10:52:07Z,30,20,5,0,59
MDEwOlJlcG9zaXRvcnkyMzgzNjE4OQ==,android-questions,False,39248,2014-09-09T14:13:06Z,19,7,0,2,22
MDEwOlJlcG9zaXRvcnkyNzk3MTcwMA==,Myapplications,False,46252,2014-12-13T19:44:20Z,139,10,1,20,41
MDEwOlJlcG9zaXRvcnkxNzMwODk3Nw==,Notepad,False,1468,2014-03-01T06:04:21Z,34,9,28,15,82
MDEwOlJlcG9zaXRvcnk0MzgyODk0Nw==,sdk,False,374,2015-10-07T16:22:24Z,48,37,15,3,569
MDEwOlJlcG9zaXRvcnkxMTc3MjAxOA==,ATimeTracker,False,2264,2013-07-30T18:18:53Z,44,11,99,18,84
MDEwOlJlcG9zaXRvcnk0MTMwNjczMg==,vimeo-networking-java,False,2235,2015-08-24T14:09:01Z,32,21,48,317,48
MDEwOlJlcG9zaXRvcnkxNjU2NDYwOA==,intellij-haxe,False,31460,2014-02-06T01:06:24Z,84,49,516,390,141
MDEwOlJlcG9zaXRvcnkyMjc2OTY1MA==,Ti.SwipeRefreshLayout,False,1266,2014-08-08T19:50:26Z,54,8,17,11,41
MDEwOlJlcG9zaXRvcnkxNjgyNjc0Ng==,mtg-familiar,False,625053,2014-02-14T04:12:50Z,67,22,324,131,185
MDEwOlJlcG9zaXRvcnk3NDIyNzYz,barcodescanner-sdk-cordova,False,6258,2013-01-03T12:50:54Z,62,27,57,155,167
MDEwOlJlcG9zaXRvcnk0MDE0Mjg4,Freebloks-Android,False,71966,2012-04-13T09:02:54Z,16,8,11,7,20
MDEwOlJlcG9zaXRvcnkzOTgzMTg3Mg==,xing-android-sdk,False,4152,2015-07-28T12:11:53Z,18,15,51,192,31
MDEwOlJlcG9zaXRvcnk0ODI5ODYzMg==,termux-widget,False,246,2015-12-19T22:01:00Z,27,13,29,2,84
MDEwOlJlcG9zaXRvcnkzMDQwMjY0,andstatus,False,28036,2011-12-23T13:33:25Z,60,26,470,31,180
MDEwOlJlcG9zaXRvcnkzNzI4NTcxNw==,Paper,False,328,2015-06-11T20:55:15Z,170,64,99,42,1853
MDEwOlJlcG9zaXRvcnkyNTQ3MzYzNA==,GPSLogger,False,42700,2014-10-20T15:46:33Z,34,13,62,1,66
MDEwOlJlcG9zaXRvcnkzMDYyMTIzMg==,Jockey,False,48825,2015-02-10T23:58:52Z,101,33,150,236,225
MDEwOlJlcG9zaXRvcnk1MDgyMTU0MQ==,UdeskSDK-Android,False,81161,2016-02-01T07:13:47Z,13,34,15,1,31
MDEwOlJlcG9zaXRvcnkzNjg1NzQyMg==,Piwigo-Android,False,12578,2015-06-04T08:17:14Z,10,18,68,23,47
MDEwOlJlcG9zaXRvcnkzMjQyMjg5,wsandroid,False,6634,2012-01-22T21:41:33Z,19,10,210,109,32
MDEwOlJlcG9zaXRvcnkyOTU1Nzk3OA==,movim_android,False,1617,2015-01-20T22:21:12Z,14,10,21,2,21
MDEwOlJlcG9zaXRvcnk1MDgxNDg2Mw==,tindroid,False,4426,2016-02-01T04:52:46Z,34,7,24,3,58
MDEwOlJlcG9zaXRvcnkxMzg3NTU5,Awful.apk,False,26138,2011-02-19T21:56:57Z,64,14,216,456,100
MDEwOlJlcG9zaXRvcnkzNDU0OTU2Ng==,photon-tinker-android,False,33378,2015-04-25T01:06:02Z,17,44,33,22,25
MDEwOlJlcG9zaXRvcnkyNjg0NzI3,SmartReceiptsLibrary,False,49275,2011-11-01T00:32:39Z,56,11,27,104,131
MDEwOlJlcG9zaXRvcnkyNTMwMTQ4OA==,settlers-remake,False,489760,2014-10-16T12:41:40Z,91,52,439,324,260
MDEwOlJlcG9zaXRvcnkxNzcwOTA4Mg==,TVHClient,False,36046,2014-03-13T12:22:13Z,54,21,271,135,108
MDEwOlJlcG9zaXRvcnkzMDMyNjQ5Nw==,Carbon,False,10909,2015-02-04T23:11:18Z,326,86,364,11,2316
MDEwOlJlcG9zaXRvcnkyMDkzOTg3Nw==,commcare-android,False,158574,2014-06-17T21:17:26Z,17,17,0,2062,12
MDEwOlJlcG9zaXRvcnk0NTIyODMyOQ==,cordova-plugin-app-update,False,198,2015-10-30T04:03:47Z,97,12,77,44,193
MDEwOlJlcG9zaXRvcnk0MzcwNzA2MQ==,ResearchStack,False,18429,2015-10-05T19:04:26Z,61,66,145,349,108
MDEwOlJlcG9zaXRvcnk0NTYyNDI5Ng==,react-native-send-intent,False,24328,2015-11-05T16:33:08Z,79,10,43,39,185
MDEwOlJlcG9zaXRvcnkyNjMyNTM1NA==,android_packages_apps_Settings,False,1042803,2014-11-07T15:28:35Z,27,10,8,43,7
MDEwOlJlcG9zaXRvcnkxMjk3MTUzOQ==,3DSView,False,156,2013-09-20T11:16:05Z,42,11,15,9,78
MDEwOlJlcG9zaXRvcnkzMTQ4MjEwMw==,libsignal-service-java,False,3386,2015-03-01T00:38:58Z,156,53,31,36,339
MDEwOlJlcG9zaXRvcnk2NDU3Mjk5,oppia-mobile-android,False,22086,2012-10-30T13:04:39Z,27,6,638,136,7
MDEwOlJlcG9zaXRvcnk0ODk3ODYyOQ==,FPSAnimator,False,3310,2016-01-04T06:22:00Z,108,22,1,12,666
MDEwOlJlcG9zaXRvcnkzMjAzMzQ1MA==,clarifai-java,False,1900,2015-03-11T18:14:14Z,50,23,16,44,90
MDEwOlJlcG9zaXRvcnkxMDQ3MjczMw==,muzima-android,False,18888,2013-06-04T06:57:26Z,24,23,0,206,4
MDEwOlJlcG9zaXRvcnk0MDI0OTU5Mw==,Android-SDK,False,645420,2015-08-05T14:24:11Z,15,9,9,5,11
MDEwOlJlcG9zaXRvcnk5ODkzNzU3,android_packages_apps_Settings,False,1078551,2013-05-06T18:39:24Z,30,2,3,24,4
MDEwOlJlcG9zaXRvcnk0MjMzMzgxNg==,mage-android,False,12351,2015-09-11T21:48:20Z,11,23,11,25,21
MDEwOlJlcG9zaXRvcnkzNDkxNTQ0Mw==,Android-Tools,False,177552,2015-05-01T17:47:48Z,8,6,0,0,39
MDEwOlJlcG9zaXRvcnkxOTE0MTM3Mg==,vialer-android,False,92465,2014-04-25T09:44:17Z,12,14,10,66,15
MDEwOlJlcG9zaXRvcnkyODMxNDI2Mw==,remixed-dungeon,False,71447,2014-12-21T21:43:24Z,45,17,31,31,71
MDEwOlJlcG9zaXRvcnkxNzAxNzM1NQ==,Telegram-FOSS,False,156011,2014-02-20T10:53:44Z,98,67,245,38,491
MDEwOlJlcG9zaXRvcnk0NzA2MTU1MA==,AAT,False,8799,2015-11-29T11:50:36Z,18,11,36,9,38
MDEwOlJlcG9zaXRvcnkyNDg5MDQy,BibleQuote-for-Android,False,42746,2011-09-30T12:58:33Z,15,7,95,41,16
MDEwOlJlcG9zaXRvcnkxNTg3MDY0Ng==,brouter,False,2681,2014-01-13T14:36:15Z,41,19,87,52,101
MDEwOlJlcG9zaXRvcnk2MTc4MTQ=,AnyMemo,False,48706,2010-04-19T14:08:22Z,40,13,422,42,96
MDEwOlJlcG9zaXRvcnk1MTcwMTA4Mw==,android_packages_apps_OmniStyle,False,25178,2016-02-14T15:55:48Z,37,13,1,0,3
MDEwOlJlcG9zaXRvcnkyMTQyMzAyMg==,android-galaxyzoo,False,89593,2014-07-02T12:19:02Z,13,5,36,7,11
MDEwOlJlcG9zaXRvcnk0ODY0MTQ4MA==,DaggerMock,False,460,2015-12-27T10:40:55Z,91,34,73,20,1021
MDEwOlJlcG9zaXRvcnkxMDQyNjk4Ng==,sig-gen,False,420,2013-06-01T19:05:45Z,14,5,18,3,26
MDEwOlJlcG9zaXRvcnkyMDE5NTU0OQ==,Dali,False,15309,2014-05-26T19:00:25Z,93,26,11,2,910
MDEwOlJlcG9zaXRvcnkxMzMwMDU1MA==,spikes,False,105701,2013-10-03T14:31:43Z,125,72,26,375,500
MDEwOlJlcG9zaXRvcnkzODQzNTIxOA==,Cordova-Android,False,1336,2015-07-02T13:46:23Z,11,14,23,19,14
MDEwOlJlcG9zaXRvcnk3NzIwODI1,rpicheck,False,33658,2013-01-20T19:42:14Z,55,26,135,55,170
MDEwOlJlcG9zaXRvcnk1MTQ1ODAwNQ==,PdfViewPager,False,15486,2016-02-10T17:30:23Z,199,44,98,14,929
MDEwOlJlcG9zaXRvcnkxOTUzNzYwMg==,openpgp-api,False,499,2014-05-07T14:28:12Z,35,25,0,8,84
MDEwOlJlcG9zaXRvcnkzMzAyNDg5,Juick-Android,False,2269,2012-01-30T05:19:26Z,11,10,20,10,13
MDEwOlJlcG9zaXRvcnkxNDM4MDM1Nw==,android_packages_apps_Dialer,False,57588,2013-11-14T00:10:02Z,24,11,1,2,4
MDEwOlJlcG9zaXRvcnkxOTAxMjY4OQ==,Lucid-Browser,False,102299,2014-04-22T01:19:31Z,39,12,18,18,74
MDEwOlJlcG9zaXRvcnk1NzkzNjE4,tinylog,False,48800,2012-09-13T11:21:42Z,26,15,72,16,188
MDEwOlJlcG9zaXRvcnkzMTczMDg2,trickytripper,False,28222,2012-01-13T18:03:45Z,11,9,31,12,34
MDEwOlJlcG9zaXRvcnk0MDk4MjkzMQ==,AppiumTestDistribution,False,48573,2015-08-18T16:22:15Z,233,94,295,145,553
MDEwOlJlcG9zaXRvcnkxMjY2Mjc1NQ==,AndroidLib,False,622,2013-09-07T09:39:18Z,5,4,2,0,15
MDEwOlJlcG9zaXRvcnkzODY5NzE3Mg==,ureport-android,False,3296,2015-07-07T15:34:24Z,11,11,4,24,12
MDEwOlJlcG9zaXRvcnkzNTg0MjM0Mg==,GNURootDebian,False,377965,2015-05-18T20:59:40Z,77,69,267,13,393
MDEwOlJlcG9zaXRvcnkxNDcxNDMxMA==,android_packages_services_Telephony,False,62693,2013-11-26T10:55:29Z,31,13,1,3,2
MDEwOlJlcG9zaXRvcnkzMjYzNDAxMw==,Android-Check-Internet-Connection,False,104,2015-03-21T13:56:54Z,10,2,1,1,27
MDEwOlJlcG9zaXRvcnk2NDg4OTI=,wsdot-android-app,False,8680,2010-05-05T18:38:00Z,12,7,126,84,18
MDEwOlJlcG9zaXRvcnk0MDIxMzgwOQ==,collect,False,43387,2015-08-04T23:21:33Z,775,64,1280,1529,357
MDEwOlJlcG9zaXRvcnkxNDgwODYxMA==,APDE,False,147022,2013-11-29T19:18:05Z,26,21,61,1,128
MDEwOlJlcG9zaXRvcnkxMzEyMDU4NA==,com.lampa.startapp,False,163,2013-09-26T11:34:23Z,98,17,118,9,167
MDEwOlJlcG9zaXRvcnkyODA5MTA3Mg==,mil-sym-android,False,6912,2014-12-16T14:40:21Z,13,8,63,26,13
MDEwOlJlcG9zaXRvcnk0MjA3ODQ4Mg==,clevertap-android-sdk,False,8487,2015-09-07T23:06:28Z,12,9,13,2,15
MDEwOlJlcG9zaXRvcnk0OTc3ODAwMA==,budget-watch,False,2060,2016-01-16T15:07:43Z,35,8,49,141,51
MDEwOlJlcG9zaXRvcnk0MzQwNjk3Ng==,react-native-share,False,1546,2015-09-30T02:27:34Z,380,48,298,132,1504
MDEwOlJlcG9zaXRvcnkxNDM3MDEwNA==,tvbrowserandroid,False,8238,2013-11-13T16:49:40Z,13,8,15,25,33
MDEwOlJlcG9zaXRvcnk0NTYzODcxMw==,Tautulli-Remote,False,17425,2015-11-05T20:54:21Z,9,18,47,20,38
MDEwOlJlcG9zaXRvcnk0ODc5Mjk5MQ==,WordPress-FluxC-Android,False,16092,2015-12-30T09:21:57Z,12,8,351,732,21
MDEwOlJlcG9zaXRvcnk0OTM4MjY0NQ==,Android,False,71776,2016-01-10T19:53:46Z,4,1,1,0,2
MDEwOlJlcG9zaXRvcnk4NjU0ODI4,ormlite-core,False,19074,2013-03-08T16:25:59Z,183,37,103,62,419
MDEwOlJlcG9zaXRvcnkzMDY0NzYxOQ==,phraseapp-AndroidStudio,False,4354,2015-02-11T12:54:56Z,5,13,10,7,14
MDEwOlJlcG9zaXRvcnkyMDU0MTk3MA==,Android-SingleSignOn,False,703,2014-06-05T21:19:34Z,11,8,29,13,14
MDEwOlJlcG9zaXRvcnk1NDM3NDIx,FAST,False,1469,2012-08-16T10:02:56Z,50,18,64,47,81
MDEwOlJlcG9zaXRvcnkyODgzNjY3OA==,Gadgetbridge,False,12391,2015-01-05T23:19:03Z,464,167,1090,303,2655
MDEwOlJlcG9zaXRvcnkzODQ1MjYzNA==,medic-android,False,1755,2015-07-02T19:27:30Z,12,17,46,20,6
MDEwOlJlcG9zaXRvcnkyODY1MjQyMw==,Branch-Example-Deep-Linking-Branchster-Android,False,6460,2014-12-31T02:05:00Z,9,81,4,15,71
MDEwOlJlcG9zaXRvcnkxOTAyNTAxNA==,AboutLibraries,False,6906,2014-04-22T10:01:06Z,291,86,220,203,2256
MDEwOlJlcG9zaXRvcnk0NDQ3MDE1OA==,JotaTextEditor,False,95011,2015-10-18T07:59:58Z,10,10,3,1,22
MDEwOlJlcG9zaXRvcnkyMjEzNjkyMQ==,Android-Hosts-L,False,89725,2014-07-23T07:47:37Z,5,11,10,0,77
MDEwOlJlcG9zaXRvcnk2NDc1NDEy,SysLog,False,935,2012-10-31T14:43:45Z,29,17,22,1,53
MDEwOlJlcG9zaXRvcnk1MDEwOTEyOQ==,connect-sdk-client-android,False,4006,2016-01-21T13:24:53Z,9,16,3,2,18
MDEwOlJlcG9zaXRvcnkzNDA1MTc4OQ==,WiFiPS,False,2767,2015-04-16T11:24:45Z,33,13,0,5,47
MDEwOlJlcG9zaXRvcnkzMDgzNzE2NQ==,unmock-plugin,False,225,2015-02-15T18:35:15Z,14,7,29,20,255
MDEwOlJlcG9zaXRvcnk0MDE5NzI2Nw==,android-app-bootstrap,False,1017,2015-08-04T16:58:53Z,7,3,1,16,18
MDEwOlJlcG9zaXRvcnk0MDU4MzkxNw==,lunar-unity-console,False,3026,2015-08-12T06:24:57Z,46,38,41,83,353
MDEwOlJlcG9zaXRvcnkyOTE0MjU5OQ==,ambilwarna,False,143,2015-01-12T15:44:50Z,65,17,24,16,151
MDEwOlJlcG9zaXRvcnkxNDc5ODk0MQ==,sketch,False,251027,2013-11-29T10:46:53Z,249,46,90,6,1115
MDEwOlJlcG9zaXRvcnkxNTE4NTU3MQ==,PictureChooser,False,8071,2013-12-14T12:53:27Z,14,5,1,0,40
MDEwOlJlcG9zaXRvcnk3NTg4NTk0,RadioDroid,False,3738,2013-01-13T13:59:17Z,59,27,265,163,160
MDEwOlJlcG9zaXRvcnkzMTk3OTU0Nw==,android_frameworks_base,False,2604287,2015-03-10T20:15:45Z,27,11,4,8,0
MDEwOlJlcG9zaXRvcnkyOTEwNjUzOA==,appsend-android,False,10482,2015-01-11T21:20:30Z,8,0,4,1,10
MDEwOlJlcG9zaXRvcnkzNDMzNDQyMQ==,activiti-android-app,False,1992,2015-04-21T15:07:44Z,10,17,2,42,10
MDEwOlJlcG9zaXRvcnkyOTU0NzY4MQ==,playn,False,6254,2015-01-20T19:27:44Z,51,29,23,42,187
MDEwOlJlcG9zaXRvcnk0ODM5OTk4OA==,cordova-plugin-kiosk,False,46,2015-12-21T23:41:38Z,68,14,56,13,94
MDEwOlJlcG9zaXRvcnk0NTM4NDA3OA==,dsl-json,False,1645,2015-11-02T09:17:39Z,51,25,74,37,441
MDEwOlJlcG9zaXRvcnkzNDIxNjkyMQ==,DestinationSol,False,271233,2015-04-19T17:41:27Z,85,31,91,316,137
MDEwOlJlcG9zaXRvcnkyMTcxMzIxMw==,rabbit-escape,False,52479,2014-07-10T23:00:48Z,28,11,414,194,32
MDEwOlJlcG9zaXRvcnkyOTk3ODM0Mw==,PhoneProfilesPlus,False,81744,2015-01-28T17:07:31Z,13,11,38,3,35
MDEwOlJlcG9zaXRvcnkyMDg2Mzk4NA==,io.appium.settings,False,2407,2014-06-15T19:57:34Z,18,15,4,28,16
MDEwOlJlcG9zaXRvcnkxODc1MDc4NQ==,adfit-android-sdk,False,6827,2014-04-14T06:35:08Z,8,11,14,0,14
MDEwOlJlcG9zaXRvcnkzOTc0MTM5Nw==,ReGeX,False,569,2015-07-26T20:45:50Z,9,14,34,10,72
MDEwOlJlcG9zaXRvcnkyNDk1OTY4Nw==,CloudPayments_AndroidSDKDemo,False,4375,2014-10-08T20:34:32Z,4,4,12,2,11
MDEwOlJlcG9zaXRvcnkxMDA1Mzk2,OpenDocument.droid,False,41715,2010-10-19T09:31:13Z,18,9,78,7,62
MDEwOlJlcG9zaXRvcnk5MDYzMDEz,LocationShare,False,911,2013-03-27T20:32:01Z,23,6,21,15,35
MDEwOlJlcG9zaXRvcnkyNjcwODM0Ng==,AndroidWithoutStupid,False,58,2014-11-16T08:34:01Z,4,4,1,0,11
MDEwOlJlcG9zaXRvcnkzNzEyMjU0OA==,xikolo-android,False,8034,2015-06-09T09:21:00Z,5,8,71,41,20
MDEwOlJlcG9zaXRvcnk0MDE1MTY0MA==,jeb2-plugin-oat,False,81,2015-08-03T22:48:16Z,9,5,0,0,29
MDEwOlJlcG9zaXRvcnk0MjMzMzg0Mw==,mage-android-sdk,False,9792,2015-09-11T21:49:01Z,9,22,3,16,8
MDEwOlJlcG9zaXRvcnkyMjk4MDk2NQ==,blepdroid,False,683,2014-08-15T06:40:42Z,12,9,6,2,28
MDEwOlJlcG9zaXRvcnk0Mzk4MDU3OA==,Xavier-Passport-MRZ-OCR-Android-Eval-SDK,False,34888,2015-10-09T21:17:26Z,11,9,1,0,15
MDEwOlJlcG9zaXRvcnkyMjM4MzQyOA==,stretto-android-sync,False,8355,2014-07-29T14:47:53Z,7,2,4,1,14
MDEwOlJlcG9zaXRvcnk0ODYxMjIyOA==,NotificationNotes,False,101,2015-12-26T13:52:50Z,15,6,21,12,28
MDEwOlJlcG9zaXRvcnk1MDcyMzYyMw==,odyssey,False,9564,2016-01-30T12:19:25Z,24,13,136,31,95
MDEwOlJlcG9zaXRvcnkzMTA4NzA5,pOT-Droid,False,6302,2012-01-05T08:08:15Z,4,18,287,6,26
MDEwOlJlcG9zaXRvcnk1MDEyMDE0NQ==,zone-sdk,False,21887,2016-01-21T16:24:20Z,14,4,2,1,64
MDEwOlJlcG9zaXRvcnkzODAxMDc5Mg==,translationRecorder,False,12029,2015-06-24T21:02:32Z,11,7,950,172,10
MDEwOlJlcG9zaXRvcnk5ODU5NTMz,accordion,False,13066,2013-05-04T19:59:53Z,7,4,8,4,16
MDEwOlJlcG9zaXRvcnkzMjk3MzQ2Nw==,CodenameOne,False,212669,2015-03-27T07:37:42Z,229,93,2542,139,827
MDEwOlJlcG9zaXRvcnk0OTA1NjQyNA==,ocreader,False,3207,2016-01-05T09:39:03Z,15,6,78,13,50
MDEwOlJlcG9zaXRvcnk0MTA3OTcwNg==,biermacht,False,8970,2015-08-20T06:36:19Z,9,7,49,31,16
MDEwOlJlcG9zaXRvcnk0NDIwOTk2NQ==,debugoverlay,False,111,2015-10-13T22:47:29Z,33,11,5,3,148
MDEwOlJlcG9zaXRvcnkyNzM3NzI1Mw==,ably-java,False,6581,2014-12-01T11:54:06Z,21,11,196,259,22
MDEwOlJlcG9zaXRvcnk0MzU0ODAx,find-sec-bugs,False,6555,2012-05-17T04:07:57Z,218,87,271,175,871
MDEwOlJlcG9zaXRvcnkzOTQzOTc4OA==,PersianMaterialDateTimePicker,False,487,2015-07-21T10:44:07Z,70,18,94,8,225
MDEwOlJlcG9zaXRvcnk4MDU3MDI=,dreamDroid,False,1254949,2010-07-29T17:00:09Z,40,13,88,32,73
MDEwOlJlcG9zaXRvcnkyMTAzMDQ3NA==,Webkiosk,False,59571,2014-06-20T08:13:48Z,14,3,2,1,12
MDEwOlJlcG9zaXRvcnk0Njk0OTk0,opacclient,False,30591,2012-06-17T21:32:08Z,52,14,287,268,94
MDEwOlJlcG9zaXRvcnk0MDU1Nzk3MQ==,pola-android,False,34144,2015-08-11T18:21:08Z,5,10,24,28,12
MDEwOlJlcG9zaXRvcnk5NTkzNzc2,droidplane,False,9160,2013-04-22T07:54:43Z,7,9,3,2,16
MDEwOlJlcG9zaXRvcnk1MDg4NTY0NQ==,ef-app_android,False,25703,2016-02-02T01:42:58Z,7,8,196,88,8
MDEwOlJlcG9zaXRvcnkzMzE4MzcxNQ==,Android-APKTool-5,False,267,2015-03-31T12:18:47Z,8,4,0,0,6
MDEwOlJlcG9zaXRvcnkxODI5ODkzMw==,studio,False,161197,2014-03-31T15:56:26Z,14,5,0,0,4
MDEwOlJlcG9zaXRvcnkyNzYyOTM3Ng==,android_frameworks_opt_telephony,False,20124,2014-12-06T09:30:37Z,18,5,0,1,0
MDEwOlJlcG9zaXRvcnkxNjk5Nzg5OA==,TriPeaksSolitaireForAndroid,False,2977,2014-02-19T20:34:54Z,8,2,1,9,8
MDEwOlJlcG9zaXRvcnk0MjUxNjQ4Mg==,OpenLinkWith,False,8286,2015-09-15T11:56:52Z,15,12,40,14,109
MDEwOlJlcG9zaXRvcnk0MzA2NDQ4Nw==,essential-launcher,False,21760,2015-09-24T12:08:49Z,8,4,54,4,30
MDEwOlJlcG9zaXRvcnkyMzQ5NjgzMw==,heads-up,False,1596,2014-08-30T17:22:48Z,64,14,113,21,164
MDEwOlJlcG9zaXRvcnkzMzk1NTQ1Nw==,box-android-share-sdk,False,955,2015-04-14T20:31:15Z,12,45,1,123,2
MDEwOlJlcG9zaXRvcnk3MTQ0NjI2,PdDroidParty,False,1777,2012-12-13T08:00:09Z,12,18,31,11,44
MDEwOlJlcG9zaXRvcnk1NTgyMzc=,smsdroid,False,5247,2010-03-11T21:08:19Z,77,13,16,20,79
MDEwOlJlcG9zaXRvcnk0NTk1MzMyOA==,QuickAF,False,7127,2015-11-11T01:55:09Z,20,5,1,40,39
MDEwOlJlcG9zaXRvcnkxMTcwOTU2Mw==,android_packages_apps_Dialer,False,65208,2013-07-27T19:01:41Z,9,2,3,5,3
MDEwOlJlcG9zaXRvcnk0MTM2OTM4MA==,tazapp-android,False,25343,2015-08-25T14:52:00Z,5,5,2,1,7
MDEwOlJlcG9zaXRvcnk0MTYzMTQ3MA==,vimeo-deeplink-android,False,133,2015-08-30T14:27:46Z,5,20,8,24,11
MDEwOlJlcG9zaXRvcnkzMDMxNzQzNw==,EnigmAndroid,False,27372,2015-02-04T19:42:18Z,5,5,13,2,6
MDEwOlJlcG9zaXRvcnk0NDQyMjYzMQ==,osh-android,False,8827,2015-10-17T03:32:36Z,5,7,12,1,6
MDEwOlJlcG9zaXRvcnkzNjcwNjk2OA==,BtPrinter,False,147,2015-06-02T04:06:27Z,46,12,6,0,122
MDEwOlJlcG9zaXRvcnk0MDE1NTUyNg==,consensusj,False,7815,2015-08-04T01:00:20Z,25,10,36,12,60
MDEwOlJlcG9zaXRvcnk0MTEzMzgwNg==,android-class-lib,False,288,2015-08-21T04:01:40Z,5,1,0,0,9
MDEwOlJlcG9zaXRvcnk5OTQyOTUx,DsaTab,False,124923,2013-05-08T18:20:06Z,12,10,408,0,23
MDEwOlJlcG9zaXRvcnk0NTk3MzIzNw==,MissedNotificationsReminder,False,390,2015-11-11T09:49:55Z,11,11,37,6,28
MDEwOlJlcG9zaXRvcnkyOTI4NDUwNw==,amoad-android-sdk,False,20412,2015-01-15T06:40:46Z,7,9,9,140,4
MDEwOlJlcG9zaXRvcnkzMDYyNTAwMw==,Android-kakaologin-gradle-sample,False,2423,2015-02-11T01:51:52Z,7,1,0,0,4
MDEwOlJlcG9zaXRvcnkzNjgwMzIzOQ==,usabilla-u4a-android-sdk,False,15797,2015-06-03T12:50:59Z,5,28,114,17,20
MDEwOlJlcG9zaXRvcnkzMDk1ODgzOQ==,JOML,False,18783,2015-02-18T09:18:43Z,63,37,133,40,314
MDEwOlJlcG9zaXRvcnkyNTUyMjczNQ==,Point.im-Android,False,2038,2014-10-21T13:06:03Z,5,4,15,7,8
MDEwOlJlcG9zaXRvcnk0MTAwODkyMA==,Time4A,False,5534,2015-08-19T02:32:36Z,6,3,0,1,28
MDEwOlJlcG9zaXRvcnkyMjI1OTc1Mg==,tiqr-client-android,False,1606,2014-07-25T14:30:31Z,9,13,13,47,2
MDEwOlJlcG9zaXRvcnk0MzM1NjYxNQ==,atinternet-android-sdk,False,1340,2015-09-29T09:04:00Z,6,7,11,3,5
MDEwOlJlcG9zaXRvcnkzMTk4MDEzMg==,android_packages_apps_Settings,False,942089,2015-03-10T20:28:27Z,12,7,1,4,0
MDEwOlJlcG9zaXRvcnkyNjcxNDUwNQ==,MaxLock,False,5096,2014-11-16T13:13:30Z,27,17,59,83,67
MDEwOlJlcG9zaXRvcnk0ODY4ODYwMw==,FastAdapter,False,18629,2015-12-28T11:05:32Z,358,66,616,135,2508
MDEwOlJlcG9zaXRvcnkyNTkyMjU5MQ==,nstuinfo,False,11585,2014-10-29T13:40:51Z,13,8,1,7,15
MDEwOlJlcG9zaXRvcnkyNDQ2NzE1Nw==,mercury,False,770,2014-09-25T17:01:15Z,18,12,24,2,80
MDEwOlJlcG9zaXRvcnkyOTEwNzUyOA==,speechutils,False,466,2015-01-11T21:53:54Z,23,8,3,5,54
MDEwOlJlcG9zaXRvcnkzODQ5OTE4Mg==,Pix-Art-Messenger,False,54692,2015-07-03T15:26:18Z,28,14,125,170,58
MDEwOlJlcG9zaXRvcnk0OTc1NDc5Mg==,fole,False,397,2016-01-16T01:59:18Z,4,4,1,6,35
MDEwOlJlcG9zaXRvcnkzOTcxMDY1MQ==,FidoCadJ,False,75530,2015-07-26T02:26:30Z,25,11,102,49,33
MDEwOlJlcG9zaXRvcnk0NTQ4OTI0MA==,trekarta,False,50549,2015-11-03T19:09:13Z,10,11,57,2,21
MDEwOlJlcG9zaXRvcnkyNTQzODIw,TextPad,False,883,2011-10-09T18:28:38Z,5,5,3,2,14
MDEwOlJlcG9zaXRvcnkyODMzMDIyMQ==,android_packages_services_Telephony,False,62021,2014-12-22T08:13:47Z,11,9,1,0,0
MDEwOlJlcG9zaXRvcnkzMTE5MTQzMA==,SuntimesWidget,False,102006,2015-02-23T02:41:09Z,20,8,117,176,49
MDEwOlJlcG9zaXRvcnkzMzc3OTA2Ng==,sample-projects,False,13762,2015-04-11T14:38:24Z,84,14,24,18,94
MDEwOlJlcG9zaXRvcnk1MTQxNTQyNg==,LogFliter,False,412,2016-02-10T02:01:58Z,6,1,0,0,5
MDEwOlJlcG9zaXRvcnk1ODE1MDU4,bbct,False,7313,2012-09-14T21:34:25Z,16,9,217,226,6
MDEwOlJlcG9zaXRvcnkyNDQ1OTk=,sthlmtraveling,False,11598,2009-07-06T20:10:50Z,34,14,76,18,98
MDEwOlJlcG9zaXRvcnk0MzAxNzkxNA==,sagetv-miniclient,False,283435,2015-09-23T18:02:54Z,12,8,78,11,13
MDEwOlJlcG9zaXRvcnk0MDAyNzQ3NQ==,android-client,False,514,2015-07-31T22:34:43Z,4,28,24,39,6
MDEwOlJlcG9zaXRvcnkzNDkzNTQ5,Sphero-Desktop-API,False,30572,2012-02-20T12:39:59Z,18,10,7,3,49
MDEwOlJlcG9zaXRvcnkyMjI1NTQ1OQ==,contentful.java,False,1956,2014-07-25T12:05:34Z,25,10,74,108,45
MDEwOlJlcG9zaXRvcnkzNDkzMDA1NA==,qrstream,False,250,2015-05-02T00:21:34Z,8,6,28,4,28
MDEwOlJlcG9zaXRvcnkyOTk3MjI4OA==,senslogs,False,629,2015-01-28T14:49:28Z,19,9,1,0,41
MDEwOlJlcG9zaXRvcnkzODc0NDg1Mg==,Android-SDK,False,4656,2015-07-08T09:31:16Z,6,3,1,1,2
MDEwOlJlcG9zaXRvcnk1MDQ1MTczMw==,jandroid,False,2405,2016-01-26T19:02:46Z,4,2,1,0,10
MDEwOlJlcG9zaXRvcnk0MDU2MzY0NQ==,Animeflv,False,1139776,2015-08-11T20:28:58Z,11,10,762,0,32
MDEwOlJlcG9zaXRvcnk0NDE5Njc3NA==,SamplesAndroid,False,131460,2015-10-13T18:35:29Z,4,1,3,0,5
MDEwOlJlcG9zaXRvcnk4Mjg0MjMy,orion-viewer,False,29493,2013-02-19T05:52:57Z,34,6,8,10,63
MDEwOlJlcG9zaXRvcnkzMjE3ODA1NQ==,android_packages_apps_CarbonFibers,False,2791,2015-03-13T20:03:21Z,11,6,0,4,0
MDEwOlJlcG9zaXRvcnk0MTkyMDAy,com.bikeonet.android.dslrbrowser,False,7235,2012-05-01T12:15:43Z,5,0,2,4,4
MDEwOlJlcG9zaXRvcnk1MTU3NTA1NA==,RPiCameraViewer,False,20754,2016-02-12T08:20:13Z,18,9,6,0,32
MDEwOlJlcG9zaXRvcnkzODcxODM1Mw==,android-expansion,False,1048,2015-07-07T22:31:36Z,2,6,1,1,21
MDEwOlJlcG9zaXRvcnk0MzMwOTU5Ng==,CeaselessAndroid,False,18534,2015-09-28T15:32:53Z,3,12,77,62,8
MDEwOlJlcG9zaXRvcnkzMDU4ODE0MA==,AndroidImageSlider-ImageViewPager,False,1268,2015-02-10T11:00:32Z,3,1,0,0,5
MDEwOlJlcG9zaXRvcnk0ODQ0MzY1NA==,fitpay-android-sdk,False,6065,2015-12-22T16:57:18Z,4,18,2,273,6
MDEwOlJlcG9zaXRvcnk0NDYzNDI0NQ==,raccoon4,False,1998,2015-10-20T20:52:02Z,37,27,52,3,154
MDEwOlJlcG9zaXRvcnkyNDg3OTk1NQ==,akvo-caddisfly,False,159668,2014-10-07T06:55:01Z,7,14,178,46,7
MDEwOlJlcG9zaXRvcnk0MjMwMzMzOQ==,cordova-client-cert-authentication,False,11,2015-09-11T10:52:49Z,7,7,5,2,6
MDEwOlJlcG9zaXRvcnkzODcxMzY5NA==,Materialize,False,1440,2015-07-07T20:41:57Z,46,17,12,7,291
MDEwOlJlcG9zaXRvcnkyODk5MTEzOQ==,World-Weather,False,1058,2015-01-08T23:21:04Z,8,9,36,3,14
MDEwOlJlcG9zaXRvcnkzMjMxNzA5MQ==,AndroidAreaPicker,False,475,2015-03-16T10:20:40Z,2,1,0,0,7
MDEwOlJlcG9zaXRvcnkzMzY4MTkw,sentry-java,False,6010,2012-02-06T15:46:55Z,223,46,373,286,404
MDEwOlJlcG9zaXRvcnkyODI0NTE3NA==,android_packages_apps_Launcher3,False,133421,2014-12-19T20:29:51Z,9,11,0,0,1
MDEwOlJlcG9zaXRvcnkyNzI0NDU3Mw==,sexytopo,False,27558,2014-11-27T23:19:22Z,6,13,73,6,7
MDEwOlJlcG9zaXRvcnkzMjU3MzM4Ng==,android,False,90780,2015-03-20T08:56:29Z,0,5,33,54,4
MDEwOlJlcG9zaXRvcnkzNjM1ODY2Mw==,xamoom-android-sdk,False,10508,2015-05-27T10:02:23Z,4,6,0,2,4
MDEwOlJlcG9zaXRvcnkyMzU5NDgz,ContractionTimer,False,37258,2011-09-10T04:08:38Z,4,5,135,2,15
MDEwOlJlcG9zaXRvcnk0NDg3MzIwNw==,sitewhere-android-sdk,False,2076,2015-10-24T15:55:47Z,3,6,3,2,7
MDEwOlJlcG9zaXRvcnkyMTg2MjMxNg==,Java-BlueControl,False,2389,2014-07-15T14:12:31Z,7,3,1,0,12
MDEwOlJlcG9zaXRvcnk5ODkzNjc4,android_packages_apps_Contacts,False,96726,2013-05-06T18:36:22Z,7,3,0,0,1
MDEwOlJlcG9zaXRvcnkxNDY1MzY4OA==,android_packages_services_Telephony,False,65037,2013-11-24T01:18:44Z,7,4,0,0,0
MDEwOlJlcG9zaXRvcnkxMjQwNDYxNw==,Cangol-appcore,False,5284,2013-08-27T11:48:39Z,6,2,4,2,16
MDEwOlJlcG9zaXRvcnk0Mjc4MTM3Ng==,EngineDriver,False,168964,2015-09-19T16:54:54Z,11,10,18,372,4
MDEwOlJlcG9zaXRvcnkyNzkwNDI2NA==,PortAuthority,False,8750,2014-12-12T03:50:45Z,30,10,84,17,97
MDEwOlJlcG9zaXRvcnkyMDczNzI0,FractalZoo,False,1529,2011-07-19T18:26:22Z,5,2,13,3,4
MDEwOlJlcG9zaXRvcnk0MjA0ODMwOQ==,SRGMediaPlayer-Android,False,6870,2015-09-07T11:05:16Z,2,6,9,27,16
MDEwOlJlcG9zaXRvcnkyNDY0OTU4NQ==,mtransit-for-android,False,46647,2014-09-30T18:11:34Z,2,3,3,0,16
MDEwOlJlcG9zaXRvcnkzMzM4MTM5NQ==,FanFictionReader,False,36293,2015-04-03T20:26:36Z,15,15,21,33,12
MDEwOlJlcG9zaXRvcnkzOTEyMzUzMQ==,tns-core-modules-widgets,False,2015,2015-07-15T07:46:24Z,21,33,14,147,9
MDEwOlJlcG9zaXRvcnk0ODc0OTMxNw==,CallRecorder,False,244,2015-12-29T13:43:23Z,6,2,1,0,4
MDEwOlJlcG9zaXRvcnkyNjc1MTA5MA==,MostPowerfulOrmInAndroid,False,691,2014-11-17T10:08:48Z,2,2,2,3,9
MDEwOlJlcG9zaXRvcnkyMzMyNTU3NQ==,aware-client,False,91040,2014-08-25T19:18:42Z,44,19,95,158,60
MDEwOlJlcG9zaXRvcnkzMDc0ODUw,zotfile,False,9913,2011-12-30T14:47:42Z,95,38,315,71,615
MDEwOlJlcG9zaXRvcnk0NDQ3ODkwMQ==,nightdream,False,11039,2015-10-18T13:23:43Z,3,4,122,41,6
MDEwOlJlcG9zaXRvcnkzMjg5Nzc2MA==,pandam,False,8270,2015-03-25T23:56:00Z,5,3,0,6,14
MDEwOlJlcG9zaXRvcnkzMTM0MjkzOQ==,kripton,False,33951,2015-02-26T00:24:15Z,11,9,10,0,82
MDEwOlJlcG9zaXRvcnkxOTQ4ODQ4Nw==,simplegallery,False,4758,2014-05-06T09:25:50Z,6,3,0,2,14
MDEwOlJlcG9zaXRvcnkyMTIyNDU0,TripleSolitaire,False,18281,2011-07-29T05:48:28Z,9,5,51,0,25
MDEwOlJlcG9zaXRvcnk3MTQ4Mjk2,android-typeface-example,False,61,2012-12-13T13:03:11Z,3,25,1,0,4
MDEwOlJlcG9zaXRvcnkyNjIxMTYwMQ==,contentful-management.java,False,9926,2014-11-05T09:06:09Z,13,12,37,82,16
MDEwOlJlcG9zaXRvcnkxNTY1MDU5NQ==,Uni,False,1747,2014-01-05T12:21:00Z,2,4,11,0,12
MDEwOlJlcG9zaXRvcnk0MTU2MTA3NQ==,android_packages_apps_XenonOTA,False,1527,2015-08-28T17:47:44Z,6,9,0,4,0
MDEwOlJlcG9zaXRvcnk3MDkzMjM1,getback_gps,False,22388,2012-12-10T13:00:18Z,15,11,174,5,24
MDEwOlJlcG9zaXRvcnk1MTYzOTIyOQ==,limbo,False,71184,2016-02-13T09:05:37Z,83,86,70,8,336
MDEwOlJlcG9zaXRvcnkzMDI0Mjg3Nw==,entourage-android,False,69478,2015-02-03T13:01:30Z,2,16,0,9,6
MDEwOlJlcG9zaXRvcnkyOTk3MjA1Ng==,android_packages_apps_Contacts,False,93337,2015-01-28T14:44:18Z,5,10,0,1,0
MDEwOlJlcG9zaXRvcnkxNDIyODI2Nw==,android_packages_services_Telephony,False,66663,2013-11-08T08:59:45Z,5,2,1,1,0
MDEwOlJlcG9zaXRvcnkxNzkwMDQ0Ng==,DragonGoApp,False,6648,2014-03-19T10:38:03Z,7,2,13,1,23
MDEwOlJlcG9zaXRvcnk0OTg1MTUz,DCTimer,False,6488,2012-07-11T06:12:56Z,7,2,1,0,22
MDEwOlJlcG9zaXRvcnkyMzU0ODkyNA==,TodoistPojos,False,174,2014-09-01T16:37:16Z,3,11,0,26,9
MDEwOlJlcG9zaXRvcnkyODk5MTM5Mw==,GFMinimalNotifications,False,3587,2015-01-08T23:29:27Z,3,3,3,4,24
MDEwOlJlcG9zaXRvcnk0ODM0ODYyOA==,unitconverter-android,False,1769,2015-12-21T03:29:10Z,4,1,1,0,1
MDEwOlJlcG9zaXRvcnk0ODk1NzcxNg==,kboard,False,13103,2016-01-03T19:20:16Z,2,2,3,2,11
MDEwOlJlcG9zaXRvcnk1MDEwNTUyMQ==,Android,False,171281,2016-01-21T12:17:01Z,0,2,0,2,2
MDEwOlJlcG9zaXRvcnkyNDc4OTE1NQ==,giellakbd-android,False,15980,2014-10-04T12:50:09Z,2,5,9,0,4
MDEwOlJlcG9zaXRvcnkzMjc2MTA5MQ==,FXGL,False,62048,2015-03-23T21:55:07Z,123,75,536,58,795
MDEwOlJlcG9zaXRvcnkzMjc1MzAxNg==,blynk-server,False,30604,2015-03-23T19:09:13Z,418,147,1262,38,1245
MDEwOlJlcG9zaXRvcnkxMTk5Mjk5NQ==,android_frameworks_opt_telephony,False,22072,2013-08-09T04:23:28Z,4,4,0,0,0
MDEwOlJlcG9zaXRvcnkzNjM2MDIzMQ==,android_packages_services_Telephony,False,46234,2015-05-27T10:37:43Z,4,6,0,1,1
MDEwOlJlcG9zaXRvcnkzNDk0OTQwNQ==,AutoConnect,False,51629,2015-05-02T13:49:09Z,6,3,4,1,16
MDEwOlJlcG9zaXRvcnkxNTY4Mjc4MQ==,sitewhere,False,53253,2014-01-06T19:23:58Z,171,58,645,41,275
MDEwOlJlcG9zaXRvcnk0OTEwNjg0Mg==,fragment-creator,False,268,2016-01-06T02:33:03Z,4,4,18,2,38
MDEwOlJlcG9zaXRvcnk0NjcxOTM1,BASElineFlightComputer,False,6003,2012-06-15T05:59:00Z,3,3,3,1,13
MDEwOlJlcG9zaXRvcnk0NjMxMDY4OA==,googleplayAPI,False,1263,2015-11-16T23:49:29Z,3,2,1,0,3
MDEwOlJlcG9zaXRvcnk0NTE5NzMxMQ==,gnag,False,790,2015-10-29T16:52:59Z,9,8,90,117,87
MDEwOlJlcG9zaXRvcnk0NjU5NDE5Nw==,Simple-Flashcards,False,1230,2015-11-21T00:23:37Z,4,4,68,3,6
MDEwOlJlcG9zaXRvcnk0MzIxNTAzMg==,mCerebrum-EMA,False,550,2015-09-26T17:19:17Z,3,4,9,3,4
MDEwOlJlcG9zaXRvcnkyMDk3NDYzMQ==,snowplow-java-tracker,False,2608,2014-06-18T19:09:43Z,24,5,179,32,14
MDEwOlJlcG9zaXRvcnkxNzgyMDg2OA==,collect-mobile,False,1883,2014-03-17T07:56:40Z,5,9,7,0,14
MDEwOlJlcG9zaXRvcnkxMTgwODk0NQ==,emojidex-android,False,406082,2013-08-01T05:36:34Z,2,6,4,146,13
MDEwOlJlcG9zaXRvcnk0Mjc4MTU5OQ==,assembly-adapter,False,980,2015-09-19T17:00:16Z,35,7,5,0,145
MDEwOlJlcG9zaXRvcnk0NjAxNjk4Ng==,analytics-android-integration-amplitude,False,152,2015-11-11T23:38:21Z,3,33,2,48,1
MDEwOlJlcG9zaXRvcnkyMjM4NjE4NQ==,croma,False,24794,2014-07-29T16:06:45Z,5,2,1,4,6
MDEwOlJlcG9zaXRvcnkyOTk3Nzk2NQ==,PhoneProfiles,False,58044,2015-01-28T16:58:39Z,2,2,1,0,4
MDEwOlJlcG9zaXRvcnkyOTQ2NTE4Ng==,nativeandroid,False,99858,2015-01-19T10:16:12Z,4,7,481,1,4
MDEwOlJlcG9zaXRvcnkxNzE0ODA2Nw==,TinyTinyFeed,False,719,2014-02-24T19:36:17Z,2,5,22,10,8
MDEwOlJlcG9zaXRvcnkzMDU2MjA2Ng==,local-notifications,False,82,2015-02-09T22:26:56Z,2,9,0,2,8
MDEwOlJlcG9zaXRvcnk0ODQ1Mzg4Ng==,appconnect-android,False,258,2015-12-22T21:04:50Z,2,414,0,38,2
MDEwOlJlcG9zaXRvcnkzNDcyMDIxMA==,android-barcode-scanner,False,89,2015-04-28T09:06:08Z,3,2,0,0,0
MDEwOlJlcG9zaXRvcnkzNzMzNDA2OQ==,Dimelo-Android-SampleApp,False,24140,2015-06-12T17:02:43Z,3,6,0,11,0
MDEwOlJlcG9zaXRvcnkzMjE0MjA5Nw==,nztides,False,12496,2015-03-13T08:12:09Z,3,3,11,2,6
MDEwOlJlcG9zaXRvcnkyOTkxMzcyMg==,KalturaGeneratedAPIClientsAndroid,False,5597,2015-01-27T12:45:37Z,3,17,0,0,1
MDEwOlJlcG9zaXRvcnkyMzQ5ODkwMQ==,Cubes,False,7429,2014-08-30T19:17:24Z,4,3,0,2,16
MDEwOlJlcG9zaXRvcnkxMDE4MTk5OA==,meteroid,False,7925,2013-05-20T21:07:50Z,6,5,16,1,4
MDEwOlJlcG9zaXRvcnk0MTcwMzQzNA==,ChinachuClient,False,3378,2015-08-31T22:18:31Z,0,4,2,0,12
MDEwOlJlcG9zaXRvcnk0Njg1NDE5MQ==,AndroidDesignSupportLibraryWithCards2015,False,33252,2015-11-25T10:21:13Z,0,2,0,0,6
MDEwOlJlcG9zaXRvcnk5MzA0NDI4,Mindroid.java,False,15039,2013-04-08T19:04:49Z,4,3,2,0,9
MDEwOlJlcG9zaXRvcnk2NTA5OTA5,dojos,False,12129,2012-11-02T17:34:28Z,18,59,1,41,68
MDEwOlJlcG9zaXRvcnkzODIzNTUwNg==,APNManager,False,14,2015-06-29T08:09:46Z,5,3,0,0,4
MDEwOlJlcG9zaXRvcnkxMDQyOTMyNA==,AdvancedLocation,False,206,2013-06-01T22:27:34Z,2,1,0,4,4
MDEwOlJlcG9zaXRvcnk0Mzk4MTkzNw==,ProxerLibJava,False,1980,2015-10-09T21:52:22Z,3,4,0,4,6
MDEwOlJlcG9zaXRvcnkxNzE5OTU4OQ==,Android,False,12205,2014-02-26T05:10:56Z,1,1,0,0,0
MDEwOlJlcG9zaXRvcnk0NTYxMTk5MQ==,Android,False,52637,2015-11-05T13:11:15Z,0,1,0,0,0
MDEwOlJlcG9zaXRvcnk0MzU5NTk2OA==,android,False,13,2015-10-03T10:48:06Z,0,1,0,0,0
MDEwOlJlcG9zaXRvcnkyMzU4MTc2MA==,godtools-android,False,34248,2014-09-02T14:28:04Z,0,26,0,613,6
MDEwOlJlcG9zaXRvcnkxODgzNDkyMg==,toposuite-android,False,9021,2014-04-16T09:55:38Z,0,5,1,0,6
MDEwOlJlcG9zaXRvcnkyODgzNjM2MQ==,LuasataGlance,False,3656,2015-01-05T23:09:25Z,4,1,17,3,18
MDEwOlJlcG9zaXRvcnk0ODkyNTExNA==,android-fingerprint-decrypt,False,117,2016-01-02T21:56:04Z,0,2,1,1,7
MDEwOlJlcG9zaXRvcnk0MzcxOTA4Mw==,material-player,False,11346,2015-10-05T23:10:48Z,2,2,6,2,3
MDEwOlJlcG9zaXRvcnk0MTI3ODAzOQ==,android_tools,False,1005,2015-08-24T02:43:30Z,2,1,0,0,1
MDEwOlJlcG9zaXRvcnkxMzc3ODYxNw==,sciencetoolkit,False,12426,2013-10-22T16:09:40Z,3,1,2,4,2
MDEwOlJlcG9zaXRvcnkzMTIxMjY1OQ==,AudioVideo,False,4022,2015-02-23T14:57:17Z,3,1,1,0,1
MDEwOlJlcG9zaXRvcnkzNTgwMjU0MA==,secure-webservices-php-android,False,12,2015-05-18T07:12:33Z,2,2,1,1,0
MDEwOlJlcG9zaXRvcnk0OTA3NzQ3MQ==,phyphox-android,False,2607,2016-01-05T16:19:43Z,1,4,0,0,4
MDEwOlJlcG9zaXRvcnk1MDM5Nzk0Mw==,android_packages_apps_Snap,False,54435,2016-01-26T02:42:52Z,2,2,0,0,0
MDEwOlJlcG9zaXRvcnkxMzg5MDI0MA==,android_packages_apps_FMRadio,False,1300,2013-10-26T20:12:30Z,2,2,0,0,1
MDEwOlJlcG9zaXRvcnkzMjQyNDg2MQ==,BierApp-Android,False,9511,2015-03-17T22:47:08Z,2,1,0,0,0
MDEwOlJlcG9zaXRvcnk0MTA1NjU2Mg==,Dictionary,False,101785,2015-08-19T19:51:38Z,53,15,85,17,111
MDEwOlJlcG9zaXRvcnk0NzAwODAxMg==,UtilAnimation,False,349,2015-11-28T03:05:11Z,2,1,0,0,1
MDEwOlJlcG9zaXRvcnk1MDcyMDY1OQ==,AndroidCV,False,36852,2016-01-30T10:49:14Z,0,1,0,0,2
MDEwOlJlcG9zaXRvcnk0NDgwNTQwNg==,Android_Study_Code,False,10733,2015-10-23T10:10:29Z,0,1,0,0,4
MDEwOlJlcG9zaXRvcnk0ODY4NTIyOA==,AdPie-Android-SDK,False,5517,2015-12-28T09:35:07Z,0,1,0,0,4
MDEwOlJlcG9zaXRvcnkyNjgyNzg4Ng==,SyncFrameworkAndroid,False,678,2014-11-18T20:12:47Z,1,2,2,0,4
MDEwOlJlcG9zaXRvcnk0ODExNTM4Mg==,sleep-captcha-support,False,88,2015-12-16T14:33:32Z,1,3,1,0,8
MDEwOlJlcG9zaXRvcnk0NjQwNjEyMA==,ImagePager,False,578,2015-11-18T08:42:21Z,2,1,5,0,23
MDEwOlJlcG9zaXRvcnk0NzUzNjU5MA==,AndroidSmartLogger,False,85,2015-12-07T07:33:37Z,0,1,0,0,2
MDEwOlJlcG9zaXRvcnkyNDY4OTgzNg==,commons-android,False,10141,2014-10-01T18:20:34Z,1,1,0,0,3
MDEwOlJlcG9zaXRvcnkzMDQ2MjczMw==,mandelbrot-android,False,6527,2015-02-07T17:03:44Z,1,3,1,1,3
MDEwOlJlcG9zaXRvcnk1MDAyMTA5Ng==,android-util,False,19397,2016-01-20T09:58:30Z,1,1,0,0,3
MDEwOlJlcG9zaXRvcnk0NDUyNDE3OQ==,gujemsandroidsdk,False,987,2015-10-19T09:26:01Z,5,7,7,9,0
MDEwOlJlcG9zaXRvcnkxMDI5NjE0MA==,melodeon,False,11586,2013-05-26T09:53:16Z,0,3,4,1,4
MDEwOlJlcG9zaXRvcnk0OTEyMDIzNg==,AbacusUtil,False,2634385,2016-01-06T07:30:39Z,6,8,12,0,54
MDEwOlJlcG9zaXRvcnk1MDUwNTA5OA==,android-sample-xbeemanager,False,697,2016-01-27T12:14:22Z,1,2,2,0,3
MDEwOlJlcG9zaXRvcnk0ODc4OTI5NQ==,NoterApp-Android,False,47034,2015-12-30T07:54:04Z,0,1,1,2,3
MDEwOlJlcG9zaXRvcnkyNzA4MDg3MQ==,HungarianRingsForAndroid,False,529,2014-11-24T15:10:44Z,1,2,2,2,3
MDEwOlJlcG9zaXRvcnk1MDk1ODA2OQ==,androidrulez,False,99,2016-02-02T22:59:09Z,1,2,1,0,2
MDEwOlJlcG9zaXRvcnk0NzcxMDQ0Mg==,9P,False,4839,2015-12-09T18:25:09Z,1,3,14,0,9
MDEwOlJlcG9zaXRvcnkxMzI3MTEyMA==,SkyLinesTracker,False,4023,2013-10-02T13:01:02Z,2,1,25,0,3
MDEwOlJlcG9zaXRvcnk0NDkyMTYxOA==,the-bot-project,False,1284,2015-10-25T17:48:36Z,1,2,0,4,3
MDEwOlJlcG9zaXRvcnk0NzYwNjcyNg==,UtilAndroid,False,4021,2015-12-08T07:43:22Z,1,1,0,0,2
MDEwOlJlcG9zaXRvcnkzMzU5MjMzMg==,rake-android,False,33340,2015-04-08T07:45:07Z,1,4,0,7,2
MDEwOlJlcG9zaXRvcnkzMDM3MTkxMw==,fasola_android,False,78666,2015-02-05T18:45:33Z,0,2,0,0,2
MDEwOlJlcG9zaXRvcnk0MTEwNTYxNQ==,OpeningHoursFragment,False,778,2015-08-20T16:07:23Z,2,2,33,1,4
MDEwOlJlcG9zaXRvcnkxNTYzMDY5Mg==,OrderNowAndroid,False,14701,2014-01-04T11:04:22Z,1,6,0,9,2
MDEwOlJlcG9zaXRvcnkyODE3NDQzNA==,uia-comm,False,319,2014-12-18T08:13:09Z,1,2,0,0,7
MDEwOlJlcG9zaXRvcnk0OTEwMzc5Nw==,AutoStopRace-Android,False,13134,2016-01-06T01:29:19Z,0,4,1,44,2
MDEwOlJlcG9zaXRvcnkzMjgxODU2NQ==,Blueshift-Android-SDK,False,7385,2015-03-24T18:55:22Z,1,19,6,81,2
MDEwOlJlcG9zaXRvcnkzODUzMjU3NQ==,esc-pos-android,False,2479,2015-07-04T12:04:23Z,0,2,0,0,2
MDEwOlJlcG9zaXRvcnk5MTY4Njg0,europeana4android,False,3870,2013-04-02T11:27:52Z,1,1,9,1,2
MDEwOlJlcG9zaXRvcnk0NTUyMDIyOQ==,android_packages_apps_Messaging,False,9922,2015-11-04T06:38:56Z,1,3,1,0,2
MDEwOlJlcG9zaXRvcnk1MDUwNTAwNg==,android-sample-openglrotatingcube,False,447,2016-01-27T12:12:27Z,0,2,1,0,2
MDEwOlJlcG9zaXRvcnk4OTQyOTU=,Android-Remote-Stacktrace,False,8,2010-09-07T18:04:39Z,0,0,0,0,2
MDEwOlJlcG9zaXRvcnk1MDc3OTU4NA==,DPMIDI,False,267,2016-01-31T14:58:27Z,0,1,0,0,2
MDEwOlJlcG9zaXRvcnkzNzkzMjA4NA==,AndroidGradle,False,4262,2015-06-23T16:53:53Z,0,1,0,0,0
MDEwOlJlcG9zaXRvcnk0NTUzMDczMQ==,AndroidDemo,False,6541,2015-11-04T10:08:30Z,0,1,0,0,0
MDEwOlJlcG9zaXRvcnkyNjY1NTc0Nw==,AndroidProject,False,3384,2014-11-14T20:16:45Z,0,1,0,0,0
MDEwOlJlcG9zaXRvcnkyODMzMTk2NQ==,android_packages_apps_PackageInstaller,False,13116,2014-12-22T09:13:27Z,0,10,0,0,2
MDEwOlJlcG9zaXRvcnkyMDAxMjEyNQ==,Bill-Calculator,False,68763,2014-05-21T07:30:51Z,0,1,0,0,3
MDEwOlJlcG9zaXRvcnkzMjk5MjUyNg==,AndroidFitnesseExample,False,10276,2015-03-27T15:02:50Z,0,2,0,0,1
MDEwOlJlcG9zaXRvcnk2MjQ2MTEw,AndroidLogManager,False,27,2012-10-16T14:55:03Z,0,1,0,0,0
MDEwOlJlcG9zaXRvcnk0NjMxNzM5OA==,Ex_AndroidStudio,False,81785,2015-11-17T02:17:56Z,0,1,0,0,0
MDEwOlJlcG9zaXRvcnk0MjA3Mjg1MA==,MuzeiEarthView,False,27329,2015-09-07T20:20:04Z,1,4,2,0,13
MDEwOlJlcG9zaXRvcnkzNjkxMDE4NQ==,TestAndroid,False,1112,2015-06-05T03:39:27Z,0,1,0,0,0
MDEwOlJlcG9zaXRvcnk0OTA0ODM2MA==,androiddemo,False,4798,2016-01-05T07:03:55Z,0,1,0,0,0
MDEwOlJlcG9zaXRvcnkzMTUyMjYwNA==,projectBlue,False,45556,2015-03-02T03:56:40Z,0,1,2,96,2
MDEwOlJlcG9zaXRvcnk1MTI1NTc1OA==,FakeNoise,False,2404,2016-02-07T16:56:30Z,0,1,0,0,0
MDEwOlJlcG9zaXRvcnk0MzY3NDQ5Mw==,NewsUp,False,129033,2015-10-05T09:05:03Z,0,1,0,0,2
MDEwOlJlcG9zaXRvcnkzNjczOTk5MQ==,celebrations-android,False,556,2015-06-02T14:46:40Z,0,1,0,0,0
MDEwOlJlcG9zaXRvcnk0NTM4NTExMA==,android_logger,False,432,2015-11-02T09:34:27Z,0,0,0,0,0
MDEwOlJlcG9zaXRvcnkyNjAxNjI2Ng==,android-sdk,False,100654,2014-10-31T12:58:54Z,1,25,0,213,1
MDEwOlJlcG9zaXRvcnkyOTk5NzU1NQ==,YLMobileAndroid,False,4453,2015-01-29T01:28:09Z,0,4,0,0,1
MDEwOlJlcG9zaXRvcnk0MTUzNzEzMA==,android-framework,False,453,2015-08-28T08:50:10Z,0,1,0,0,0
MDEwOlJlcG9zaXRvcnk0NDE5NTY3MA==,android-utils,False,375,2015-10-13T18:14:53Z,0,0,2,0,1
MDEwOlJlcG9zaXRvcnkzNjQyOTE3NA==,ENumbers_Android,False,125379,2015-05-28T09:46:54Z,0,3,90,1,0
MDEwOlJlcG9zaXRvcnk0OTcxOTQyNg==,Android_Testing,False,1971,2016-01-15T13:09:52Z,0,1,0,0,0
MDEwOlJlcG9zaXRvcnk0OTg0MDE1OQ==,imgshr-android,False,12739,2016-01-17T23:12:07Z,1,4,1,1,0
MDEwOlJlcG9zaXRvcnkxMDA5NTM5MA==,libpljp-android,False,326,2013-05-16T06:47:10Z,0,1,0,0,0
MDEwOlJlcG9zaXRvcnkxODE1MDY4NQ==,toolbox-android,False,17883,2014-03-26T19:20:03Z,0,1,0,0,0
MDEwOlJlcG9zaXRvcnkzOTUyNzQ1Nw==,android_ergebnismeldung,False,2331,2015-07-22T20:00:56Z,0,3,0,0,0
MDEwOlJlcG9zaXRvcnk0OTMwMTQ1Mw==,android-social,False,1308,2016-01-08T23:01:04Z,0,2,0,0,0
MDEwOlJlcG9zaXRvcnkyMzU4Mjg5OQ==,xsi-android,False,228,2014-09-02T14:57:55Z,0,3,0,3,0
MDEwOlJlcG9zaXRvcnk0MjYzNzkwNg==,Android_Projects,False,5673,2015-09-17T06:00:58Z,0,1,0,0,0
MDEwOlJlcG9zaXRvcnkzMTE1MjYzNQ==,multitouch-android,False,160,2015-02-22T04:37:06Z,1,1,1,0,1
MDEwOlJlcG9zaXRvcnk0ODI1MzczOA==,oazatv-android,False,5219,2015-12-18T19:52:44Z,0,1,0,0,1
MDEwOlJlcG9zaXRvcnk0NTAyODA3Nw==,forge-android,False,2870,2015-10-27T08:50:34Z,0,1,1,0,0
MDEwOlJlcG9zaXRvcnk0MjgyMjg3OA==,android-scan,False,8793,2015-09-20T17:48:20Z,0,2,24,26,0
MDEwOlJlcG9zaXRvcnkxODAwNzg1,Knucklehead-Android,False,226,2011-05-25T19:46:28Z,0,0,6,0,0
MDEwOlJlcG9zaXRvcnkyMzE4ODgxMA==,android_libraries,False,363,2014-08-21T13:49:45Z,1,1,1,1,0
MDEwOlJlcG9zaXRvcnk0NTcxOTE1MA==,My-Android,False,16118,2015-11-07T02:26:16Z,0,0,0,0,0
MDEwOlJlcG9zaXRvcnkzNTQ4NTAzMA==,android-swiftui,False,2802,2015-05-12T11:51:05Z,0,1,0,0,0
MDEwOlJlcG9zaXRvcnkyMzMzOTk5OQ==,yumoAndroid,False,6014,2014-08-26T05:33:30Z,0,1,0,0,0
MDEwOlJlcG9zaXRvcnk1MTM5OTQ0OA==,InHumanTerms,False,106317,2016-02-09T20:59:22Z,0,1,0,0,0
MDEwOlJlcG9zaXRvcnkzMjc1NDg5NQ==,PiTrainer,False,520,2015-03-23T19:44:21Z,0,1,2,0,1
MDEwOlJlcG9zaXRvcnkyNDc1MTQyNA==,Android-LightningUi,False,9948,2014-10-03T08:22:07Z,1,7,15,4,0
MDEwOlJlcG9zaXRvcnkxOTAwNzMxNQ==,FileBrowser-Android,False,1071,2014-04-21T21:17:36Z,0,1,2,5,1
MDEwOlJlcG9zaXRvcnk0Njg4NjI1NA==,PuttingZonesAndroid,False,168,2015-11-25T20:56:00Z,0,1,0,0,0
MDEwOlJlcG9zaXRvcnkzMjMzNTI4NA==,android_start_demo,False,7021,2015-03-16T15:41:26Z,0,1,0,0,0
MDEwOlJlcG9zaXRvcnkyMzEwODYyNA==,Calculateur-Inflation-Android,False,1240,2014-08-19T12:08:08Z,0,1,0,0,0
MDEwOlJlcG9zaXRvcnk1MDUwNTA0MQ==,android-sample-serialconsole,False,104,2016-01-27T12:13:14Z,0,2,0,0,0
MDEwOlJlcG9zaXRvcnkyMzk3NDEzOQ==,wonderpush-android-demo,False,1846,2014-09-12T19:35:07Z,0,5,0,0,0
MDEwOlJlcG9zaXRvcnkxMDQxMzA5Mw==,android-HowToTip,False,70344,2013-05-31T21:10:19Z,0,0,1,0,0
MDEwOlJlcG9zaXRvcnkyMDQ5NjA5OQ==,Metacell-Android-and-Desktop,False,27777,2014-06-04T19:04:48Z,0,1,0,0,0
MDEwOlJlcG9zaXRvcnk0NzM0NjUwNA==,mmir-plugin-speech-android,False,97,2015-12-03T16:57:56Z,0,1,0,0,1
MDEwOlJlcG9zaXRvcnkzMTg4OTM4OA==,android_external_icu,False,476026,2015-03-09T09:31:26Z,0,2,0,0,0
MDEwOlJlcG9zaXRvcnk1MTYxOTA3Ng==,Android-Sample-App,False,1475,2016-02-12T21:55:04Z,1,5,0,3,1
MDEwOlJlcG9zaXRvcnkyMjQyMDQ1NA==,wonderpush-android-sdk,False,3016,2014-07-30T09:38:45Z,0,5,3,0,0
MDEwOlJlcG9zaXRvcnkzNzI3OTA3OA==,AKG-Vertretungsplan-Android,False,4551,2015-06-11T18:38:26Z,0,1,1,3,0
MDEwOlJlcG9zaXRvcnk1MTYxOTA3Ng==,Android-Sample-App,False,1475,2016-02-12T21:55:04Z,1,5,0,3,1
MDEwOlJlcG9zaXRvcnkyMjQyMDQ1NA==,wonderpush-android-sdk,False,3016,2014-07-30T09:38:45Z,0,5,3,0,0
MDEwOlJlcG9zaXRvcnkzNzI3OTA3OA==,AKG-Vertretungsplan-Android,False,4551,2015-06-11T18:38:26Z,0,1,1,3,0
MDEwOlJlcG9zaXRvcnkzMTg4OTM4OA==,android_external_icu,False,476026,2015-03-09T09:31:26Z,0,2,0,0,0
MDEwOlJlcG9zaXRvcnkxMjMzOTY0OA==,AmiKo-Android,False,3502,2013-08-24T07:09:39Z,1,2,28,9,0
MDEwOlJlcG9zaXRvcnkyMzI5MDE5OQ==,beerme-mobile-android,False,14424,2014-08-24T19:17:04Z,0,1,7,4,0
MDEwOlJlcG9zaXRvcnk0OTE1MTIyMw==,ClassicsReaderAndroid,False,146950,2016-01-06T17:43:16Z,1,2,3,0,1
MDEwOlJlcG9zaXRvcnkxOTY3OTI4Nw==,android-music-player,False,15576,2014-05-11T22:36:05Z,1,1,0,27,1
MDEwOlJlcG9zaXRvcnkyNzczNTIyMA==,hello-android-java,False,153,2014-12-08T21:07:51Z,1,4,0,1,0
MDEwOlJlcG9zaXRvcnkzNzUzOTc2MA==,android_packages_services_Telecomm,False,10549,2015-06-16T15:44:57Z,1,4,0,0,0
MDEwOlJlcG9zaXRvcnk1MDUwNDg3OA==,android-sample-can,False,93,2016-01-27T12:10:01Z,0,2,0,0,0
MDEwOlJlcG9zaXRvcnkyMjIwNjcxNQ==,gini-sdk-android,False,6809,2014-07-24T09:12:07Z,1,9,2,15,1
MDEwOlJlcG9zaXRvcnkyMzU0Nzg0NA==,ktog,False,582634,2014-09-01T15:56:43Z,0,1,0,0,0
MDEwOlJlcG9zaXRvcnk1OTIwMTcx,mouthOrgan,False,2056,2012-09-23T07:11:24Z,0,1,0,0,0
MDEwOlJlcG9zaXRvcnk0ODM1ODQ4MA==,trumpeter,False,877,2015-12-21T07:54:00Z,0,1,40,0,1
MDEwOlJlcG9zaXRvcnkyMjQ2MzY0MA==,B4S-Android-SDK,False,32613,2014-07-31T09:22:40Z,0,20,11,0,1
MDEwOlJlcG9zaXRvcnk0OTA5ODYxOQ==,moclimao,False,140,2016-01-05T23:17:41Z,0,1,0,1,0
MDEwOlJlcG9zaXRvcnk1MTU0MDc3MA==,jardenApps,False,2289,2016-02-11T19:29:49Z,0,2,0,0,1
MDEwOlJlcG9zaXRvcnk0Nzc1NjE0Ng==,project-demo,False,1023,2015-12-10T10:57:05Z,0,1,0,0,1
MDEwOlJlcG9zaXRvcnkzMDUwNTgyMg==,Biller,False,141,2015-02-08T21:07:01Z,0,1,0,0,0
MDEwOlJlcG9zaXRvcnkzODY1Mzg0Mg==,Nano_Degree_Music-Previewer_Android,False,847,2015-07-07T00:21:05Z,0,1,0,0,0
MDEwOlJlcG9zaXRvcnkxNzAyMTk4Mw==,nwsweatheralertswidget,False,13098,2014-02-20T13:58:04Z,1,2,33,0,4
MDEwOlJlcG9zaXRvcnkyOTQyOTcyMg==,android_packages_apps_AudioFX,False,3319,2015-01-18T15:10:04Z,1,2,0,0,0
MDEwOlJlcG9zaXRvcnkyODA2NjAzOA==,android_packages_providers_DownloadProvider,False,4023,2014-12-16T02:10:44Z,1,8,0,0,0
MDEwOlJlcG9zaXRvcnkyMDgzMzc3OA==,android-Math-Get-To-24,False,12288,2014-06-14T14:27:13Z,0,0,0,1,0
MDEwOlJlcG9zaXRvcnk0OTEwNDU5NQ==,ohio_legal_services_assistant_android,False,5592,2016-01-06T01:47:20Z,0,1,0,0,0
MDEwOlJlcG9zaXRvcnk0MTA1NjY4NA==,DictionaryPC,False,23021,2015-08-19T19:54:10Z,2,1,1,0,3
MDEwOlJlcG9zaXRvcnkxMzUxODM5MQ==,ukshiasalaattimes,False,4573,2013-10-12T08:05:56Z,0,1,0,0,0
MDEwOlJlcG9zaXRvcnkxNDQ0NTI5Nw==,adt-workspace-learning,False,3192,2013-11-16T10:22:27Z,0,0,0,0,0
MDEwOlJlcG9zaXRvcnkxOTIzMjUxMA==,Everyday-Bible-Reading,False,10062,2014-04-28T08:49:32Z,0,1,0,4,1
MDEwOlJlcG9zaXRvcnk0ODM5MTc1Mw==,gcbench,False,13406,2015-12-21T20:09:23Z,0,1,0,0,0
MDEwOlJlcG9zaXRvcnk0ODU3MjM5Ng==,Test_jbox2d,False,86,2015-12-25T08:02:54Z,1,1,0,0,0
MDEwOlJlcG9zaXRvcnkzODU1MTYwOA==,UkeWatch,False,3790,2015-07-05T00:19:01Z,1,1,0,0,0
MDEwOlJlcG9zaXRvcnk0NTY3NTc5Mw==,android_device_zte_p839f30,False,3053,2015-11-06T10:32:53Z,0,2,0,0,0
MDEwOlJlcG9zaXRvcnk0OTY3NTQ2OQ==,crossbrowsertesting-plugin,False,569,2016-01-14T21:11:59Z,5,8,0,2,1
MDEwOlJlcG9zaXRvcnkzOTE0NzkxNg==,AutoSMS,False,8544,2015-07-15T16:27:39Z,0,0,1,3,0
MDEwOlJlcG9zaXRvcnk0MDUyNDczMQ==,CircularImageSeekbar,False,2253,2015-08-11T06:11:30Z,0,1,0,0,0
MDEwOlJlcG9zaXRvcnk0MzYxMDkzMg==,DeviceDiag,False,23377,2015-10-03T19:04:09Z,1,2,0,0,0
MDEwOlJlcG9zaXRvcnkxMTExNjExMw==,podcast_parser,False,303,2013-07-02T04:48:00Z,0,1,0,0,0
MDEwOlJlcG9zaXRvcnkzNDk5NjgyNQ==,SLRoadtrip,False,1488,2015-05-03T18:53:21Z,0,0,0,0,0
MDEwOlJlcG9zaXRvcnkzODc5MjIwNA==,VoiceExpense,False,290,2015-07-09T02:31:02Z,0,1,0,0,0
MDEwOlJlcG9zaXRvcnkzMDgyOTU5NQ==,swan-sense-studio,False,29356,2015-02-15T14:26:20Z,1,9,10,3,1
MDEwOlJlcG9zaXRvcnkzNDI0MDEwNw==,ROMUpdater,False,119,2015-04-20T05:34:24Z,0,1,0,0,0
MDEwOlJlcG9zaXRvcnkzNjM5MTYxOQ==,WorkTracker,False,2243,2015-05-27T19:48:08Z,0,1,0,0,0
MDEwOlJlcG9zaXRvcnk0OTk4Nzk3Mw==,clima,False,142,2016-01-19T22:35:36Z,1,1,0,1,0
MDEwOlJlcG9zaXRvcnk0NzU1NDExNQ==,firstapp,False,101,2015-12-07T13:36:15Z,1,2,0,0,0
MDEwOlJlcG9zaXRvcnk0NDk1NjYyNw==,CommonUtils,False,246,2015-10-26T08:54:09Z,1,2,0,1,0
MDEwOlJlcG9zaXRvcnk3MzQwMzM1,Still,False,946,2012-12-27T12:57:59Z,1,2,0,8,0
MDEwOlJlcG9zaXRvcnkyNjc5Nzk5Nw==,SMS-Morse,False,186,2014-11-18T07:48:06Z,0,1,0,0,2
MDEwOlJlcG9zaXRvcnk0MjE5MzExMA==,Points,False,236,2015-09-09T17:17:39Z,0,2,0,0,0
MDEwOlJlcG9zaXRvcnkzMjk0ODMwMA==,jugoterapia-mobile,False,2748,2015-03-26T19:44:35Z,1,1,24,1,1
MDEwOlJlcG9zaXRvcnkxMTcxMTI0MQ==,JavNav,False,6443,2013-07-27T21:23:51Z,0,1,0,1,1
MDEwOlJlcG9zaXRvcnk0NTI2MjA3Mw==,Dexter,False,232,2015-10-30T16:12:44Z,0,1,0,2,0
MDEwOlJlcG9zaXRvcnk1MzY4ODIw,ContactNumberSearch,False,1274,2012-08-10T12:13:52Z,1,1,51,0,0
MDEwOlJlcG9zaXRvcnk0NDkwMzc1NQ==,ClubhelperRestServer,False,1913,2015-10-25T09:30:36Z,0,1,9,0,0
MDEwOlJlcG9zaXRvcnkyNDkzNDU1NA==,StormMonitor,False,12089,2014-10-08T09:52:35Z,0,3,0,0,1
MDEwOlJlcG9zaXRvcnkyMTkyNjE1Mw==,besiege,False,334238,2014-07-17T02:47:43Z,1,1,1,0,0
MDEwOlJlcG9zaXRvcnkxNDAxNjA3Mw==,WifiSSIDWidget,False,1578,2013-10-31T12:21:23Z,0,1,0,0,0
MDEwOlJlcG9zaXRvcnk0MTY3MjY2Mg==,CalculatorApp,False,926,2015-08-31T11:51:09Z,0,1,0,0,0
MDEwOlJlcG9zaXRvcnkyMTkyMzA1Mw==,ssl-connection-checker,False,1021,2014-07-17T00:29:07Z,0,1,1,0,0
MDEwOlJlcG9zaXRvcnk0MDE1MTMzMg==,weather2,False,91,2015-08-03T22:38:14Z,0,1,0,0,0
MDEwOlJlcG9zaXRvcnkyMjk5NzY5Nw==,WeatherReport,False,1423,2014-08-15T17:41:17Z,0,1,0,0,0
MDEwOlJlcG9zaXRvcnkyNjQ3NzIyNQ==,Thereminoid,False,1223,2014-11-11T09:02:37Z,0,2,4,0,0
MDEwOlJlcG9zaXRvcnkxNTc1OTQ1Mg==,GeoQuake,False,11911,2014-01-09T07:17:19Z,1,0,0,14,2
MDEwOlJlcG9zaXRvcnkxMTY5NDU4Ng==,goblob,False,5315,2013-07-26T20:50:00Z,2,2,28,241,2
MDEwOlJlcG9zaXRvcnkzMjk4NDE0OQ==,super-performance-sprites,False,9413,2015-03-27T12:11:12Z,0,0,0,5,1
MDEwOlJlcG9zaXRvcnkzMjMzNjI1Ng==,homework-check-in,False,258,2015-03-16T15:57:24Z,0,1,0,0,0
MDEwOlJlcG9zaXRvcnkxNzg0ODU2Mw==,whogoesfirst,False,25136,2014-03-18T00:32:20Z,0,1,10,0,0
MDEwOlJlcG9zaXRvcnkxOTg4OTkwNA==,TF2-Backpack-Viewer,False,4297,2014-05-17T15:36:57Z,0,1,0,0,0
MDEwOlJlcG9zaXRvcnkzMDcyODQ4MQ==,spritebrush,False,41553,2015-02-12T22:48:16Z,0,1,21,3,0
MDEwOlJlcG9zaXRvcnkyMjg2NDgx,malarm,False,2974,2011-08-29T03:31:25Z,0,1,0,0,1
MDEwOlJlcG9zaXRvcnkzMDUxMDQxMQ==,cwreader,False,3015,2015-02-08T23:44:48Z,1,1,0,0,1
MDEwOlJlcG9zaXRvcnkxNjg4MjAz,a3d-java,False,13,2011-05-01T16:00:26Z,1,1,0,0,1
MDEwOlJlcG9zaXRvcnkyODU4OTg0Mg==,basic-hud,False,983,2014-12-29T11:20:38Z,0,1,0,0,1
MDEwOlJlcG9zaXRvcnkzOTU2NzI5MQ==,MyWeather,False,171,2015-07-23T12:53:11Z,0,1,0,0,0
MDEwOlJlcG9zaXRvcnkyNzE1MzQzMQ==,GRTRealtime,False,130,2014-11-26T00:58:57Z,0,1,9,0,0
MDEwOlJlcG9zaXRvcnk0MDI2MTk5,WhatTheDuck,False,78801,2012-04-14T16:59:57Z,0,1,22,5,1
MDEwOlJlcG9zaXRvcnk0MTE0Nzc4MA==,JianDanYuan,False,773,2015-08-21T09:32:14Z,0,0,0,0,0
MDEwOlJlcG9zaXRvcnkyNTE1NTc5NA==,anakjajan,False,8055,2014-10-13T11:27:07Z,0,1,0,0,0
MDEwOlJlcG9zaXRvcnk4Mjg5MDgw,SimpleTorch,False,15,2013-02-19T11:40:19Z,0,1,1,0,0
MDEwOlJlcG9zaXRvcnk0NjI0MjUxMA==,SimpleInterestCalculator,False,98,2015-11-16T00:26:18Z,0,1,0,0,0
MDEwOlJlcG9zaXRvcnkzMjkxNDE2Nw==,graphics-by-opengl,False,3283,2015-03-26T07:47:02Z,0,0,1,30,1
MDEwOlJlcG9zaXRvcnkxNjgzMjM0NQ==,Reflect-Framework,False,59944,2014-02-14T09:10:14Z,1,1,262,0,1
